Command line invocation:
    /Applications/Xcode.app/Contents/Developer/usr/bin/xcodebuild -project apps/iOS/PersonalAssistant.xcodeproj -scheme PersonalAssistant -sdk iphoneos -configuration Release -derivedDataPath /private/tmp/task-module-after/release CODE_SIGNING_ALLOWED=NO ARCHS=arm64 build

Build settings from command line:
    ARCHS = arm64
    CODE_SIGNING_ALLOWED = NO
    SDKROOT = iphoneos27.0

2026-10-04 22:16:41.666 xcodebuild[18522:330423] [MT] IDERunDestination: Supported platforms for the buildables in the current scheme is empty.
--- xcodebuild: WARNING: Using the first of multiple matching destinations:
{ platform:iOS, id:dvtdevice-DVTiPhonePlaceholder-iphoneos:placeholder, name:Any iOS Device }
{ platform:macOS, arch:arm64, variant:Designed for [iPad,iPhone], id:00006021-000270610CF0C01E, name:My Mac }
{ platform:iOS Simulator, id:dvtdevice-DVTiOSDeviceSimulatorPlaceholder-iphonesimulator:placeholder, name:Any iOS Simulator Device }
{ platform:iOS Simulator, arch:arm64, id:90AC48F2-6126-4D73-8980-83CAD6EB78A6, OS:27.0, name:PA-Screenshot-Validation }
{ platform:iOS Simulator, arch:arm64, id:6155DDE3-3EBB-4E29-A99A-5B4CB5C51597, OS:27.0, name:iPad (A16) }
{ platform:iOS Simulator, arch:arm64, id:CED696CF-9184-46BB-AB1F-80501B254CF8, OS:27.0, name:iPad Air 11-inch (M4) }
{ platform:iOS Simulator, arch:arm64, id:BA25EE20-0FED-422A-AB86-5E006DE0E9DE, OS:27.0, name:iPad Air 13-inch (M4) }
{ platform:iOS Simulator, arch:arm64, id:E8A87829-F0B0-444E-81F0-5C4B2C39238E, OS:27.0, name:iPad Pro 11-inch (M5) }
{ platform:iOS Simulator, arch:arm64, id:9653CFD7-16C1-462C-991F-EB1CBEE0CBF9, OS:27.0, name:iPad Pro 13-inch (M5) }
{ platform:iOS Simulator, arch:arm64, id:62093E2B-9252-4CDC-BC7A-A0C036983C76, OS:27.0, name:iPad mini (A17 Pro) }
{ platform:iOS Simulator, arch:arm64, id:C5B15A68-D7F9-4EBA-A4B8-6A331D0BCDA3, OS:27.0, name:iPhone 17 }
{ platform:iOS Simulator, arch:arm64, id:A2FF4A60-1F0F-4EB0-B686-F82A55FD4BA0, OS:27.0, name:iPhone 17e }
{ platform:iOS Simulator, arch:arm64, id:7FB89BEB-8C43-4299-8C91-B5D3DB0E7647, OS:27.0, name:iPhone 18 Pro }
{ platform:iOS Simulator, arch:arm64, id:DC6F207A-66D4-43CD-8440-F29D894DE14A, OS:27.0, name:iPhone 18 Pro Max }
{ platform:iOS Simulator, arch:arm64, id:E857D41A-D658-4BD6-BDB8-BB79D73846E1, OS:27.0, name:iPhone Air }
{ platform:iOS, arch:arm64, id:00008120-001242D014D0C01E, name:lucy’s iPhone }
ComputePackagePrebuildTargetDependencyGraph

Prepare packages

CreateBuildRequest

SendProjectDescription

CreateBuildOperation

ComputeTargetDependencyGraph
note: Building targets in dependency order
note: Target dependency graph (2 targets)
    Target 'PersonalAssistant' in project 'PersonalAssistant'
        ➜ Explicit dependency on target 'ScreenshotActivityWidget' in project 'PersonalAssistant'
    Target 'ScreenshotActivityWidget' in project 'PersonalAssistant' (no dependencies)

GatherProvisioningInputs

CreateBuildDescription

ExecuteExternalTool /Applications/Xcode.app/Contents/Developer/Toolchains/XcodeDefault.xctoolchain/usr/bin/swiftc --version

ExecuteExternalTool /Applications/Xcode.app/Contents/Developer/Toolchains/XcodeDefault.xctoolchain/usr/bin/clang -v -E -dM -isysroot /Applications/Xcode.app/Contents/Developer/Platforms/iPhoneOS.platform/Developer/SDKs/iPhoneOS27.0.sdk -x c -c /dev/null

ExecuteExternalTool /Applications/Xcode.app/Contents/Developer/usr/bin/actool --print-asset-tag-combinations --output-format xml1 /Users/lyu/Documents/CODE/personal-assistant/apps/iOS/PersonalAssistant/Assets.xcassets

ExecuteExternalTool /Applications/Xcode.app/Contents/Developer/Toolchains/XcodeDefault.xctoolchain/usr/bin/ld -version_details

ExecuteExternalTool /Applications/Xcode.app/Contents/Developer/usr/bin/actool --version --output-format xml1

Build description signature: 9e6058487a6e4e357bb3bbb978279478
Build description path: /tmp/task-module-after/release/Build/Intermediates.noindex/XCBuildData/9e6058487a6e4e357bb3bbb978279478.xcbuilddata
CreateBuildDirectory /tmp/task-module-after/release/CompilationCache.noindex
    cd /Users/lyu/Documents/CODE/personal-assistant/apps/iOS/PersonalAssistant.xcodeproj
    builtin-create-build-directory /tmp/task-module-after/release/CompilationCache.noindex

CreateBuildDirectory /tmp/task-module-after/release/SDKExplicitPrecompiledModules
    cd /Users/lyu/Documents/CODE/personal-assistant/apps/iOS/PersonalAssistant.xcodeproj
    builtin-create-build-directory /tmp/task-module-after/release/SDKExplicitPrecompiledModules

CreateBuildDirectory /tmp/task-module-after/release/ModuleCache.noindex
    cd /Users/lyu/Documents/CODE/personal-assistant/apps/iOS/PersonalAssistant.xcodeproj
    builtin-create-build-directory /tmp/task-module-after/release/ModuleCache.noindex

ClangStatCache /Applications/Xcode.app/Contents/Developer/Toolchains/XcodeDefault.xctoolchain/usr/bin/clang-stat-cache /Applications/Xcode.app/Contents/Developer/Platforms/iPhoneOS.platform/Developer/SDKs/iPhoneOS27.0.sdk /tmp/task-module-after/release/SDKStatCaches.noindex/iphoneos27.0-24A430-e829b21a6f8c9b70876ba0858053c0446c78b3cbc238196c85e1bf6c792c5915.sdkstatcache
    cd /Users/lyu/Documents/CODE/personal-assistant/apps/iOS/PersonalAssistant.xcodeproj
    /Applications/Xcode.app/Contents/Developer/Toolchains/XcodeDefault.xctoolchain/usr/bin/clang-stat-cache /Applications/Xcode.app/Contents/Developer/Platforms/iPhoneOS.platform/Developer/SDKs/iPhoneOS27.0.sdk -o /tmp/task-module-after/release/SDKStatCaches.noindex/iphoneos27.0-24A430-e829b21a6f8c9b70876ba0858053c0446c78b3cbc238196c85e1bf6c792c5915.sdkstatcache

CreateBuildDirectory /tmp/task-module-after/release/Build/Products
    cd /Users/lyu/Documents/CODE/personal-assistant/apps/iOS/PersonalAssistant.xcodeproj
    builtin-create-build-directory /tmp/task-module-after/release/Build/Products

CreateBuildDirectory /tmp/task-module-after/release/Build/Intermediates.noindex
    cd /Users/lyu/Documents/CODE/personal-assistant/apps/iOS/PersonalAssistant.xcodeproj
    builtin-create-build-directory /tmp/task-module-after/release/Build/Intermediates.noindex

CreateBuildDirectory /tmp/task-module-after/release/Build/Products/Release-iphoneos
    cd /Users/lyu/Documents/CODE/personal-assistant/apps/iOS/PersonalAssistant.xcodeproj
    builtin-create-build-directory /tmp/task-module-after/release/Build/Products/Release-iphoneos

CreateBuildDirectory /tmp/task-module-after/release/Build/Intermediates.noindex/SwiftExplicitPrecompiledModules
    cd /Users/lyu/Documents/CODE/personal-assistant/apps/iOS/PersonalAssistant.xcodeproj
    builtin-create-build-directory /tmp/task-module-after/release/Build/Intermediates.noindex/SwiftExplicitPrecompiledModules

CreateBuildDirectory /tmp/task-module-after/release/Build/Intermediates.noindex/PrecompiledHeaders
    cd /Users/lyu/Documents/CODE/personal-assistant/apps/iOS/PersonalAssistant.xcodeproj
    builtin-create-build-directory /tmp/task-module-after/release/Build/Intermediates.noindex/PrecompiledHeaders

CreateBuildDirectory /tmp/task-module-after/release/Build/Intermediates.noindex/ExplicitPrecompiledModules
    cd /Users/lyu/Documents/CODE/personal-assistant/apps/iOS/PersonalAssistant.xcodeproj
    builtin-create-build-directory /tmp/task-module-after/release/Build/Intermediates.noindex/ExplicitPrecompiledModules

CreateBuildDirectory /tmp/task-module-after/release/Build/Intermediates.noindex/EagerLinkingTBDs/Release-iphoneos
    cd /Users/lyu/Documents/CODE/personal-assistant/apps/iOS/PersonalAssistant.xcodeproj
    builtin-create-build-directory /tmp/task-module-after/release/Build/Intermediates.noindex/EagerLinkingTBDs/Release-iphoneos

WriteAuxiliaryFile /tmp/task-module-after/release/Build/Intermediates.noindex/PersonalAssistant.build/Release-iphoneos/PersonalAssistant-b6c0346d79abe2aee4a25abca68d9990-VFS-iphoneos/all-product-headers.yaml
    cd /Users/lyu/Documents/CODE/personal-assistant/apps/iOS/PersonalAssistant.xcodeproj
    write-file /tmp/task-module-after/release/Build/Intermediates.noindex/PersonalAssistant.build/Release-iphoneos/PersonalAssistant-b6c0346d79abe2aee4a25abca68d9990-VFS-iphoneos/all-product-headers.yaml

WriteAuxiliaryFile /tmp/task-module-after/release/Build/Intermediates.noindex/PersonalAssistant.build/Release-iphoneos/ScreenshotActivityWidget.build/ScreenshotActivityWidget-generated-files.hmap (in target 'ScreenshotActivityWidget' from project 'PersonalAssistant')
    cd /Users/lyu/Documents/CODE/personal-assistant/apps/iOS
    write-file /tmp/task-module-after/release/Build/Intermediates.noindex/PersonalAssistant.build/Release-iphoneos/ScreenshotActivityWidget.build/ScreenshotActivityWidget-generated-files.hmap

WriteAuxiliaryFile /tmp/task-module-after/release/Build/Intermediates.noindex/PersonalAssistant.build/Release-iphoneos/ScreenshotActivityWidget.build/ScreenshotActivityWidget-all-target-headers.hmap (in target 'ScreenshotActivityWidget' from project 'PersonalAssistant')
    cd /Users/lyu/Documents/CODE/personal-assistant/apps/iOS
    write-file /tmp/task-module-after/release/Build/Intermediates.noindex/PersonalAssistant.build/Release-iphoneos/ScreenshotActivityWidget.build/ScreenshotActivityWidget-all-target-headers.hmap

WriteAuxiliaryFile /tmp/task-module-after/release/Build/Intermediates.noindex/PersonalAssistant.build/Release-iphoneos/ScreenshotActivityWidget.build/ScreenshotActivityWidget.DependencyStaticMetadataFileList (in target 'ScreenshotActivityWidget' from project 'PersonalAssistant')
    cd /Users/lyu/Documents/CODE/personal-assistant/apps/iOS
    write-file /tmp/task-module-after/release/Build/Intermediates.noindex/PersonalAssistant.build/Release-iphoneos/ScreenshotActivityWidget.build/ScreenshotActivityWidget.DependencyStaticMetadataFileList

WriteAuxiliaryFile /tmp/task-module-after/release/Build/Intermediates.noindex/PersonalAssistant.build/Release-iphoneos/ScreenshotActivityWidget.build/ScreenshotActivityWidget.hmap (in target 'ScreenshotActivityWidget' from project 'PersonalAssistant')
    cd /Users/lyu/Documents/CODE/personal-assistant/apps/iOS
    write-file /tmp/task-module-after/release/Build/Intermediates.noindex/PersonalAssistant.build/Release-iphoneos/ScreenshotActivityWidget.build/ScreenshotActivityWidget.hmap

WriteAuxiliaryFile /tmp/task-module-after/release/Build/Intermediates.noindex/PersonalAssistant.build/Release-iphoneos/ScreenshotActivityWidget.build/ScreenshotActivityWidget-own-target-headers.hmap (in target 'ScreenshotActivityWidget' from project 'PersonalAssistant')
    cd /Users/lyu/Documents/CODE/personal-assistant/apps/iOS
    write-file /tmp/task-module-after/release/Build/Intermediates.noindex/PersonalAssistant.build/Release-iphoneos/ScreenshotActivityWidget.build/ScreenshotActivityWidget-own-target-headers.hmap

WriteAuxiliaryFile /tmp/task-module-after/release/Build/Intermediates.noindex/PersonalAssistant.build/Release-iphoneos/ScreenshotActivityWidget.build/ScreenshotActivityWidget-all-non-framework-target-headers.hmap (in target 'ScreenshotActivityWidget' from project 'PersonalAssistant')
    cd /Users/lyu/Documents/CODE/personal-assistant/apps/iOS
    write-file /tmp/task-module-after/release/Build/Intermediates.noindex/PersonalAssistant.build/Release-iphoneos/ScreenshotActivityWidget.build/ScreenshotActivityWidget-all-non-framework-target-headers.hmap

WriteAuxiliaryFile /tmp/task-module-after/release/Build/Intermediates.noindex/PersonalAssistant.build/Release-iphoneos/ScreenshotActivityWidget.build/ScreenshotActivityWidget-project-headers.hmap (in target 'ScreenshotActivityWidget' from project 'PersonalAssistant')
    cd /Users/lyu/Documents/CODE/personal-assistant/apps/iOS
    write-file /tmp/task-module-after/release/Build/Intermediates.noindex/PersonalAssistant.build/Release-iphoneos/ScreenshotActivityWidget.build/ScreenshotActivityWidget-project-headers.hmap

WriteAuxiliaryFile /tmp/task-module-after/release/Build/Intermediates.noindex/PersonalAssistant.build/Release-iphoneos/ScreenshotActivityWidget.build/ScreenshotActivityWidget.DependencyMetadataFileList (in target 'ScreenshotActivityWidget' from project 'PersonalAssistant')
    cd /Users/lyu/Documents/CODE/personal-assistant/apps/iOS
    write-file /tmp/task-module-after/release/Build/Intermediates.noindex/PersonalAssistant.build/Release-iphoneos/ScreenshotActivityWidget.build/ScreenshotActivityWidget.DependencyMetadataFileList

WriteAuxiliaryFile /tmp/task-module-after/release/Build/Intermediates.noindex/PersonalAssistant.build/Release-iphoneos/ScreenshotActivityWidget.build/Objects-normal/arm64/ScreenshotActivityWidget.SwiftConstValuesFileList (in target 'ScreenshotActivityWidget' from project 'PersonalAssistant')
    cd /Users/lyu/Documents/CODE/personal-assistant/apps/iOS
    write-file /tmp/task-module-after/release/Build/Intermediates.noindex/PersonalAssistant.build/Release-iphoneos/ScreenshotActivityWidget.build/Objects-normal/arm64/ScreenshotActivityWidget.SwiftConstValuesFileList

WriteAuxiliaryFile /tmp/task-module-after/release/Build/Intermediates.noindex/PersonalAssistant.build/Release-iphoneos/ScreenshotActivityWidget.build/Objects-normal/arm64/ScreenshotActivityWidget.SwiftFileList (in target 'ScreenshotActivityWidget' from project 'PersonalAssistant')
    cd /Users/lyu/Documents/CODE/personal-assistant/apps/iOS
    write-file /tmp/task-module-after/release/Build/Intermediates.noindex/PersonalAssistant.build/Release-iphoneos/ScreenshotActivityWidget.build/Objects-normal/arm64/ScreenshotActivityWidget.SwiftFileList

WriteAuxiliaryFile /tmp/task-module-after/release/Build/Intermediates.noindex/PersonalAssistant.build/Release-iphoneos/ScreenshotActivityWidget.build/Objects-normal/arm64/ScreenshotActivityWidget_const_extract_protocols.json (in target 'ScreenshotActivityWidget' from project 'PersonalAssistant')
    cd /Users/lyu/Documents/CODE/personal-assistant/apps/iOS
    write-file /tmp/task-module-after/release/Build/Intermediates.noindex/PersonalAssistant.build/Release-iphoneos/ScreenshotActivityWidget.build/Objects-normal/arm64/ScreenshotActivityWidget_const_extract_protocols.json

WriteAuxiliaryFile /tmp/task-module-after/release/Build/Intermediates.noindex/PersonalAssistant.build/Release-iphoneos/ScreenshotActivityWidget.build/Objects-normal/arm64/ScreenshotActivityWidget.LinkFileList (in target 'ScreenshotActivityWidget' from project 'PersonalAssistant')
    cd /Users/lyu/Documents/CODE/personal-assistant/apps/iOS
    write-file /tmp/task-module-after/release/Build/Intermediates.noindex/PersonalAssistant.build/Release-iphoneos/ScreenshotActivityWidget.build/Objects-normal/arm64/ScreenshotActivityWidget.LinkFileList

WriteAuxiliaryFile /tmp/task-module-after/release/Build/Intermediates.noindex/PersonalAssistant.build/Release-iphoneos/ScreenshotActivityWidget.build/Objects-normal/arm64/ScreenshotActivityWidget-OutputFileMap.json (in target 'ScreenshotActivityWidget' from project 'PersonalAssistant')
    cd /Users/lyu/Documents/CODE/personal-assistant/apps/iOS
    write-file /tmp/task-module-after/release/Build/Intermediates.noindex/PersonalAssistant.build/Release-iphoneos/ScreenshotActivityWidget.build/Objects-normal/arm64/ScreenshotActivityWidget-OutputFileMap.json

WriteAuxiliaryFile /tmp/task-module-after/release/Build/Intermediates.noindex/PersonalAssistant.build/Release-iphoneos/PersonalAssistant.build/PersonalAssistant.hmap (in target 'PersonalAssistant' from project 'PersonalAssistant')
    cd /Users/lyu/Documents/CODE/personal-assistant/apps/iOS
    write-file /tmp/task-module-after/release/Build/Intermediates.noindex/PersonalAssistant.build/Release-iphoneos/PersonalAssistant.build/PersonalAssistant.hmap

WriteAuxiliaryFile /tmp/task-module-after/release/Build/Intermediates.noindex/PersonalAssistant.build/Release-iphoneos/PersonalAssistant.build/PersonalAssistant.DependencyStaticMetadataFileList (in target 'PersonalAssistant' from project 'PersonalAssistant')
    cd /Users/lyu/Documents/CODE/personal-assistant/apps/iOS
    write-file /tmp/task-module-after/release/Build/Intermediates.noindex/PersonalAssistant.build/Release-iphoneos/PersonalAssistant.build/PersonalAssistant.DependencyStaticMetadataFileList

WriteAuxiliaryFile /tmp/task-module-after/release/Build/Intermediates.noindex/PersonalAssistant.build/Release-iphoneos/PersonalAssistant.build/PersonalAssistant.DependencyMetadataFileList (in target 'PersonalAssistant' from project 'PersonalAssistant')
    cd /Users/lyu/Documents/CODE/personal-assistant/apps/iOS
    write-file /tmp/task-module-after/release/Build/Intermediates.noindex/PersonalAssistant.build/Release-iphoneos/PersonalAssistant.build/PersonalAssistant.DependencyMetadataFileList

WriteAuxiliaryFile /tmp/task-module-after/release/Build/Intermediates.noindex/PersonalAssistant.build/Release-iphoneos/PersonalAssistant.build/PersonalAssistant-project-headers.hmap (in target 'PersonalAssistant' from project 'PersonalAssistant')
    cd /Users/lyu/Documents/CODE/personal-assistant/apps/iOS
    write-file /tmp/task-module-after/release/Build/Intermediates.noindex/PersonalAssistant.build/Release-iphoneos/PersonalAssistant.build/PersonalAssistant-project-headers.hmap

WriteAuxiliaryFile /tmp/task-module-after/release/Build/Intermediates.noindex/PersonalAssistant.build/Release-iphoneos/PersonalAssistant.build/PersonalAssistant-own-target-headers.hmap (in target 'PersonalAssistant' from project 'PersonalAssistant')
    cd /Users/lyu/Documents/CODE/personal-assistant/apps/iOS
    write-file /tmp/task-module-after/release/Build/Intermediates.noindex/PersonalAssistant.build/Release-iphoneos/PersonalAssistant.build/PersonalAssistant-own-target-headers.hmap

WriteAuxiliaryFile /tmp/task-module-after/release/Build/Intermediates.noindex/PersonalAssistant.build/Release-iphoneos/PersonalAssistant.build/PersonalAssistant-generated-files.hmap (in target 'PersonalAssistant' from project 'PersonalAssistant')
    cd /Users/lyu/Documents/CODE/personal-assistant/apps/iOS
    write-file /tmp/task-module-after/release/Build/Intermediates.noindex/PersonalAssistant.build/Release-iphoneos/PersonalAssistant.build/PersonalAssistant-generated-files.hmap

WriteAuxiliaryFile /tmp/task-module-after/release/Build/Intermediates.noindex/PersonalAssistant.build/Release-iphoneos/PersonalAssistant.build/PersonalAssistant-all-target-headers.hmap (in target 'PersonalAssistant' from project 'PersonalAssistant')
    cd /Users/lyu/Documents/CODE/personal-assistant/apps/iOS
    write-file /tmp/task-module-after/release/Build/Intermediates.noindex/PersonalAssistant.build/Release-iphoneos/PersonalAssistant.build/PersonalAssistant-all-target-headers.hmap

WriteAuxiliaryFile /tmp/task-module-after/release/Build/Intermediates.noindex/PersonalAssistant.build/Release-iphoneos/PersonalAssistant.build/PersonalAssistant-all-non-framework-target-headers.hmap (in target 'PersonalAssistant' from project 'PersonalAssistant')
    cd /Users/lyu/Documents/CODE/personal-assistant/apps/iOS
    write-file /tmp/task-module-after/release/Build/Intermediates.noindex/PersonalAssistant.build/Release-iphoneos/PersonalAssistant.build/PersonalAssistant-all-non-framework-target-headers.hmap

WriteAuxiliaryFile /tmp/task-module-after/release/Build/Intermediates.noindex/PersonalAssistant.build/Release-iphoneos/PersonalAssistant.build/Objects-normal/arm64/PersonalAssistant_const_extract_protocols.json (in target 'PersonalAssistant' from project 'PersonalAssistant')
    cd /Users/lyu/Documents/CODE/personal-assistant/apps/iOS
    write-file /tmp/task-module-after/release/Build/Intermediates.noindex/PersonalAssistant.build/Release-iphoneos/PersonalAssistant.build/Objects-normal/arm64/PersonalAssistant_const_extract_protocols.json

WriteAuxiliaryFile /tmp/task-module-after/release/Build/Intermediates.noindex/PersonalAssistant.build/Release-iphoneos/PersonalAssistant.build/Objects-normal/arm64/PersonalAssistant.SwiftFileList (in target 'PersonalAssistant' from project 'PersonalAssistant')
    cd /Users/lyu/Documents/CODE/personal-assistant/apps/iOS
    write-file /tmp/task-module-after/release/Build/Intermediates.noindex/PersonalAssistant.build/Release-iphoneos/PersonalAssistant.build/Objects-normal/arm64/PersonalAssistant.SwiftFileList

WriteAuxiliaryFile /tmp/task-module-after/release/Build/Intermediates.noindex/PersonalAssistant.build/Release-iphoneos/PersonalAssistant.build/Objects-normal/arm64/PersonalAssistant.SwiftConstValuesFileList (in target 'PersonalAssistant' from project 'PersonalAssistant')
    cd /Users/lyu/Documents/CODE/personal-assistant/apps/iOS
    write-file /tmp/task-module-after/release/Build/Intermediates.noindex/PersonalAssistant.build/Release-iphoneos/PersonalAssistant.build/Objects-normal/arm64/PersonalAssistant.SwiftConstValuesFileList

WriteAuxiliaryFile /tmp/task-module-after/release/Build/Intermediates.noindex/PersonalAssistant.build/Release-iphoneos/PersonalAssistant.build/Objects-normal/arm64/PersonalAssistant.LinkFileList (in target 'PersonalAssistant' from project 'PersonalAssistant')
    cd /Users/lyu/Documents/CODE/personal-assistant/apps/iOS
    write-file /tmp/task-module-after/release/Build/Intermediates.noindex/PersonalAssistant.build/Release-iphoneos/PersonalAssistant.build/Objects-normal/arm64/PersonalAssistant.LinkFileList

WriteAuxiliaryFile /tmp/task-module-after/release/Build/Intermediates.noindex/PersonalAssistant.build/Release-iphoneos/PersonalAssistant.build/Objects-normal/arm64/PersonalAssistant-OutputFileMap.json (in target 'PersonalAssistant' from project 'PersonalAssistant')
    cd /Users/lyu/Documents/CODE/personal-assistant/apps/iOS
    write-file /tmp/task-module-after/release/Build/Intermediates.noindex/PersonalAssistant.build/Release-iphoneos/PersonalAssistant.build/Objects-normal/arm64/PersonalAssistant-OutputFileMap.json

MkDir /tmp/task-module-after/release/Build/Products/Release-iphoneos/ScreenshotActivityWidget.appex (in target 'ScreenshotActivityWidget' from project 'PersonalAssistant')
    cd /Users/lyu/Documents/CODE/personal-assistant/apps/iOS
    /bin/mkdir -p /tmp/task-module-after/release/Build/Products/Release-iphoneos/ScreenshotActivityWidget.appex

MkDir /tmp/task-module-after/release/Build/Products/Release-iphoneos/PersonalAssistant.app/PlugIns (in target 'PersonalAssistant' from project 'PersonalAssistant')
    cd /Users/lyu/Documents/CODE/personal-assistant/apps/iOS
    /bin/mkdir -p /tmp/task-module-after/release/Build/Products/Release-iphoneos/PersonalAssistant.app/PlugIns

MkDir /tmp/task-module-after/release/Build/Products/Release-iphoneos/PersonalAssistant.app (in target 'PersonalAssistant' from project 'PersonalAssistant')
    cd /Users/lyu/Documents/CODE/personal-assistant/apps/iOS
    /bin/mkdir -p /tmp/task-module-after/release/Build/Products/Release-iphoneos/PersonalAssistant.app

ProcessInfoPlistFile /tmp/task-module-after/release/Build/Products/Release-iphoneos/ScreenshotActivityWidget.appex/Info.plist /Users/lyu/Documents/CODE/personal-assistant/apps/iOS/Config/ScreenshotActivityWidget-Info.plist (in target 'ScreenshotActivityWidget' from project 'PersonalAssistant')
    cd /Users/lyu/Documents/CODE/personal-assistant/apps/iOS
    builtin-infoPlistUtility /Users/lyu/Documents/CODE/personal-assistant/apps/iOS/Config/ScreenshotActivityWidget-Info.plist -producttype com.apple.product-type.app-extension -expandbuildsettings -format binary -platform iphoneos -requiredArchitecture arm64 -o /tmp/task-module-after/release/Build/Products/Release-iphoneos/ScreenshotActivityWidget.appex/Info.plist

SwiftDriver ScreenshotActivityWidget normal arm64 com.apple.xcode.tools.swift.compiler (in target 'ScreenshotActivityWidget' from project 'PersonalAssistant')
    cd /Users/lyu/Documents/CODE/personal-assistant/apps/iOS
    builtin-SwiftDriver -- /Applications/Xcode.app/Contents/Developer/Toolchains/XcodeDefault.xctoolchain/usr/bin/swiftc -module-name ScreenshotActivityWidget -O -whole-module-optimization @/tmp/task-module-after/release/Build/Intermediates.noindex/PersonalAssistant.build/Release-iphoneos/ScreenshotActivityWidget.build/Objects-normal/arm64/ScreenshotActivityWidget.SwiftFileList -enable-bare-slash-regex -enable-experimental-feature DebugDescriptionMacro -sdk /Applications/Xcode.app/Contents/Developer/Platforms/iPhoneOS.platform/Developer/SDKs/iPhoneOS27.0.sdk -target arm64-apple-ios27.0 -g -module-cache-path /tmp/task-module-after/release/ModuleCache.noindex -Xfrontend -serialize-debugging-options -application-extension -swift-version 5 -I /tmp/task-module-after/release/Build/Products/Release-iphoneos -F /tmp/task-module-after/release/Build/Products/Release-iphoneos -c -num-threads 12 -Xcc -ivfsstatcache -Xcc /tmp/task-module-after/release/SDKStatCaches.noindex/iphoneos27.0-24A430-e829b21a6f8c9b70876ba0858053c0446c78b3cbc238196c85e1bf6c792c5915.sdkstatcache -output-file-map /tmp/task-module-after/release/Build/Intermediates.noindex/PersonalAssistant.build/Release-iphoneos/ScreenshotActivityWidget.build/Objects-normal/arm64/ScreenshotActivityWidget-OutputFileMap.json -save-temps -no-color-diagnostics -explicit-module-build -module-cache-path /tmp/task-module-after/release/Build/Intermediates.noindex/SwiftExplicitPrecompiledModules -clang-scanner-module-cache-path /tmp/task-module-after/release/ModuleCache.noindex -sdk-module-cache-path /tmp/task-module-after/release/SDKExplicitPrecompiledModules -emit-dependencies -emit-module -emit-module-path /tmp/task-module-after/release/Build/Intermediates.noindex/PersonalAssistant.build/Release-iphoneos/ScreenshotActivityWidget.build/Objects-normal/arm64/ScreenshotActivityWidget.swiftmodule -serialize-diagnostics -dependency-scan-serialize-diagnostics-path /tmp/task-module-after/release/Build/Intermediates.noindex/PersonalAssistant.build/Release-iphoneos/ScreenshotActivityWidget.build/Objects-normal/arm64/ScreenshotActivityWidget-dependency-scan.dia -validate-clang-modules-once -clang-build-session-file /tmp/task-module-after/release/ModuleCache.noindex/Session.modulevalidation -Xcc -fmodules-prune-interval\=86400 -Xcc -fmodules-prune-after\=345600 -emit-const-values -const-gather-protocols-list /tmp/task-module-after/release/Build/Intermediates.noindex/PersonalAssistant.build/Release-iphoneos/ScreenshotActivityWidget.build/Objects-normal/arm64/ScreenshotActivityWidget_const_extract_protocols.json -Xcc -iquote -Xcc /tmp/task-module-after/release/Build/Intermediates.noindex/PersonalAssistant.build/Release-iphoneos/ScreenshotActivityWidget.build/ScreenshotActivityWidget-generated-files.hmap -Xcc -I/tmp/task-module-after/release/Build/Intermediates.noindex/PersonalAssistant.build/Release-iphoneos/ScreenshotActivityWidget.build/ScreenshotActivityWidget-own-target-headers.hmap -Xcc -I/tmp/task-module-after/release/Build/Intermediates.noindex/PersonalAssistant.build/Release-iphoneos/ScreenshotActivityWidget.build/ScreenshotActivityWidget-all-target-headers.hmap -Xcc -iquote -Xcc /tmp/task-module-after/release/Build/Intermediates.noindex/PersonalAssistant.build/Release-iphoneos/ScreenshotActivityWidget.build/ScreenshotActivityWidget-project-headers.hmap -Xcc -I/tmp/task-module-after/release/Build/Products/Release-iphoneos/include -Xcc -I/tmp/task-module-after/release/Build/Intermediates.noindex/PersonalAssistant.build/Release-iphoneos/ScreenshotActivityWidget.build/DerivedSources-normal/arm64 -Xcc -I/tmp/task-module-after/release/Build/Intermediates.noindex/PersonalAssistant.build/Release-iphoneos/ScreenshotActivityWidget.build/DerivedSources/arm64 -Xcc -I/tmp/task-module-after/release/Build/Intermediates.noindex/PersonalAssistant.build/Release-iphoneos/ScreenshotActivityWidget.build/DerivedSources -emit-objc-header -emit-objc-header-path /tmp/task-module-after/release/Build/Intermediates.noindex/PersonalAssistant.build/Release-iphoneos/ScreenshotActivityWidget.build/Objects-normal/arm64/ScreenshotActivityWidget-Swift.h -working-directory /Users/lyu/Documents/CODE/personal-assistant/apps/iOS -no-emit-module-separately-wmo

SwiftDriver\ Compilation ScreenshotActivityWidget normal arm64 com.apple.xcode.tools.swift.compiler (in target 'ScreenshotActivityWidget' from project 'PersonalAssistant')
    cd /Users/lyu/Documents/CODE/personal-assistant/apps/iOS
    builtin-Swift-Compilation -- /Applications/Xcode.app/Contents/Developer/Toolchains/XcodeDefault.xctoolchain/usr/bin/swiftc -module-name ScreenshotActivityWidget -O -whole-module-optimization @/tmp/task-module-after/release/Build/Intermediates.noindex/PersonalAssistant.build/Release-iphoneos/ScreenshotActivityWidget.build/Objects-normal/arm64/ScreenshotActivityWidget.SwiftFileList -enable-bare-slash-regex -enable-experimental-feature DebugDescriptionMacro -sdk /Applications/Xcode.app/Contents/Developer/Platforms/iPhoneOS.platform/Developer/SDKs/iPhoneOS27.0.sdk -target arm64-apple-ios27.0 -g -module-cache-path /tmp/task-module-after/release/ModuleCache.noindex -Xfrontend -serialize-debugging-options -application-extension -swift-version 5 -I /tmp/task-module-after/release/Build/Products/Release-iphoneos -F /tmp/task-module-after/release/Build/Products/Release-iphoneos -c -num-threads 12 -Xcc -ivfsstatcache -Xcc /tmp/task-module-after/release/SDKStatCaches.noindex/iphoneos27.0-24A430-e829b21a6f8c9b70876ba0858053c0446c78b3cbc238196c85e1bf6c792c5915.sdkstatcache -output-file-map /tmp/task-module-after/release/Build/Intermediates.noindex/PersonalAssistant.build/Release-iphoneos/ScreenshotActivityWidget.build/Objects-normal/arm64/ScreenshotActivityWidget-OutputFileMap.json -save-temps -no-color-diagnostics -explicit-module-build -module-cache-path /tmp/task-module-after/release/Build/Intermediates.noindex/SwiftExplicitPrecompiledModules -clang-scanner-module-cache-path /tmp/task-module-after/release/ModuleCache.noindex -sdk-module-cache-path /tmp/task-module-after/release/SDKExplicitPrecompiledModules -emit-dependencies -emit-module -emit-module-path /tmp/task-module-after/release/Build/Intermediates.noindex/PersonalAssistant.build/Release-iphoneos/ScreenshotActivityWidget.build/Objects-normal/arm64/ScreenshotActivityWidget.swiftmodule -serialize-diagnostics -dependency-scan-serialize-diagnostics-path /tmp/task-module-after/release/Build/Intermediates.noindex/PersonalAssistant.build/Release-iphoneos/ScreenshotActivityWidget.build/Objects-normal/arm64/ScreenshotActivityWidget-dependency-scan.dia -validate-clang-modules-once -clang-build-session-file /tmp/task-module-after/release/ModuleCache.noindex/Session.modulevalidation -Xcc -fmodules-prune-interval\=86400 -Xcc -fmodules-prune-after\=345600 -emit-const-values -const-gather-protocols-list /tmp/task-module-after/release/Build/Intermediates.noindex/PersonalAssistant.build/Release-iphoneos/ScreenshotActivityWidget.build/Objects-normal/arm64/ScreenshotActivityWidget_const_extract_protocols.json -Xcc -iquote -Xcc /tmp/task-module-after/release/Build/Intermediates.noindex/PersonalAssistant.build/Release-iphoneos/ScreenshotActivityWidget.build/ScreenshotActivityWidget-generated-files.hmap -Xcc -I/tmp/task-module-after/release/Build/Intermediates.noindex/PersonalAssistant.build/Release-iphoneos/ScreenshotActivityWidget.build/ScreenshotActivityWidget-own-target-headers.hmap -Xcc -I/tmp/task-module-after/release/Build/Intermediates.noindex/PersonalAssistant.build/Release-iphoneos/ScreenshotActivityWidget.build/ScreenshotActivityWidget-all-target-headers.hmap -Xcc -iquote -Xcc /tmp/task-module-after/release/Build/Intermediates.noindex/PersonalAssistant.build/Release-iphoneos/ScreenshotActivityWidget.build/ScreenshotActivityWidget-project-headers.hmap -Xcc -I/tmp/task-module-after/release/Build/Products/Release-iphoneos/include -Xcc -I/tmp/task-module-after/release/Build/Intermediates.noindex/PersonalAssistant.build/Release-iphoneos/ScreenshotActivityWidget.build/DerivedSources-normal/arm64 -Xcc -I/tmp/task-module-after/release/Build/Intermediates.noindex/PersonalAssistant.build/Release-iphoneos/ScreenshotActivityWidget.build/DerivedSources/arm64 -Xcc -I/tmp/task-module-after/release/Build/Intermediates.noindex/PersonalAssistant.build/Release-iphoneos/ScreenshotActivityWidget.build/DerivedSources -emit-objc-header -emit-objc-header-path /tmp/task-module-after/release/Build/Intermediates.noindex/PersonalAssistant.build/Release-iphoneos/ScreenshotActivityWidget.build/Objects-normal/arm64/ScreenshotActivityWidget-Swift.h -working-directory /Users/lyu/Documents/CODE/personal-assistant/apps/iOS -no-emit-module-separately-wmo

SwiftExplicitDependencyGeneratePcm arm64 /tmp/task-module-after/release/SDKExplicitPrecompiledModules/ptrcheck-9OE1GYWPHIJYRRQDZKWAIXWW8.pcm

SwiftExplicitDependencyGeneratePcm arm64 /tmp/task-module-after/release/SDKExplicitPrecompiledModules/_Builtin_stddef-27V03JHBJ4OWMID68J4ZWPE6V.pcm

SwiftExplicitDependencyGeneratePcm arm64 /tmp/task-module-after/release/SDKExplicitPrecompiledModules/_Builtin_float-CMB13VX9HCB109WFPOH7E1A88.pcm

SwiftExplicitDependencyGeneratePcm arm64 /tmp/task-module-after/release/SDKExplicitPrecompiledModules/SwiftShims-76MWTCBGLNFSO4ET136XT32UE.pcm

SwiftExplicitDependencyGeneratePcm arm64 /tmp/task-module-after/release/SDKExplicitPrecompiledModules/ActivityKit-5QYKNM4RW9059EXS1ML4LHKPW.pcm

SwiftExplicitDependencyGeneratePcm arm64 /tmp/task-module-after/release/SDKExplicitPrecompiledModules/DeveloperToolsSupport-EXQIXEJOYGBWVOREWRNYUIAKD.pcm

SwiftExplicitDependencyGeneratePcm arm64 /tmp/task-module-after/release/SDKExplicitPrecompiledModules/_AvailabilityInternal-9E2NGFYCA7T4KM82AW0WQ68UW.pcm

SwiftExplicitDependencyGeneratePcm arm64 /tmp/task-module-after/release/SDKExplicitPrecompiledModules/_Builtin_stdarg-3Q8DRVLI0ST94YYL7DUL6V5CJ.pcm

SwiftExplicitDependencyGeneratePcm arm64 /tmp/task-module-after/release/SDKExplicitPrecompiledModules/_SwiftConcurrencyShims-4ZMU60DP6L1B20HC0Q8K87BCX.pcm

SwiftExplicitDependencyGeneratePcm arm64 /tmp/task-module-after/release/SDKExplicitPrecompiledModules/_Builtin_stdbool-2YK081DB9RB0FC2CJRZM0QJQ5.pcm

SwiftExplicitDependencyGeneratePcm arm64 /tmp/task-module-after/release/SDKExplicitPrecompiledModules/ptrauth-6G7IPRG3SN3B54PFEWFZIS7FB.pcm

SwiftExplicitDependencyGeneratePcm arm64 /tmp/task-module-after/release/SDKExplicitPrecompiledModules/_DarwinFoundation1-8DI1V8LP62VRBFOGVHC1HYXZS.pcm

SwiftExplicitDependencyGeneratePcm arm64 /tmp/task-module-after/release/SDKExplicitPrecompiledModules/_Builtin_limits-5XZR0JU1V5LHAR2FZB3ECS1QV.pcm

SwiftExplicitDependencyGeneratePcm arm64 /tmp/task-module-after/release/SDKExplicitPrecompiledModules/_DarwinFoundation2-4P27AHVJKQQ16ZXYT3FLUQBUE.pcm

SwiftExplicitDependencyGeneratePcm arm64 /tmp/task-module-after/release/SDKExplicitPrecompiledModules/ExtensionFoundation-AFXVKMFZVBYD04DBVP466IYKB.pcm

SwiftExplicitDependencyGeneratePcm arm64 /tmp/task-module-after/release/SDKExplicitPrecompiledModules/sys_types-3ALQQ46AU4LUCQQ8185OS8F3E.pcm

SwiftExplicitDependencyGeneratePcm arm64 /tmp/task-module-after/release/SDKExplicitPrecompiledModules/string_h-7C93NK3X5IT1HITH8YJFV9ZMI.pcm

SwiftExplicitDependencyGeneratePcm arm64 /tmp/task-module-after/release/SDKExplicitPrecompiledModules/_Builtin_stdint-DK0IJP9A03IGJIYE2MYY2A08H.pcm

SwiftExplicitDependencyGeneratePcm arm64 /tmp/task-module-after/release/SDKExplicitPrecompiledModules/_Builtin_tgmath-BE2SC2J8Y1ANFXC9FYON9K897.pcm

SwiftExplicitDependencyGeneratePcm arm64 /tmp/task-module-after/release/SDKExplicitPrecompiledModules/_Builtin_intrinsics-1GCHQXII1GULU49FGKAFPZH8D.pcm

SwiftExplicitDependencyGeneratePcm arm64 /tmp/task-module-after/release/SDKExplicitPrecompiledModules/_Builtin_stdatomic-162G4M1XR6L8YHO1IJ45SDRI6.pcm

SwiftExplicitDependencyGeneratePcm arm64 /tmp/task-module-after/release/SDKExplicitPrecompiledModules/_DarwinFoundation3-8HPJK1PQKSDKOKOLM3BRSY38T.pcm

SwiftExplicitDependencyGeneratePcm arm64 /tmp/task-module-after/release/SDKExplicitPrecompiledModules/_Builtin_inttypes-AEVXP0KA9D79GMU99RBOTMWPD.pcm

SwiftExplicitDependencyGeneratePcm arm64 /tmp/task-module-after/release/SDKExplicitPrecompiledModules/Darwin-82YTP2DS755UFUOEKVZ59JF15.pcm

SwiftExplicitDependencyGeneratePcm arm64 /tmp/task-module-after/release/SDKExplicitPrecompiledModules/simd-5L4E6GPA2GO63F4GA6WFFSD4O.pcm

SwiftExplicitDependencyGeneratePcm arm64 /tmp/task-module-after/release/SDKExplicitPrecompiledModules/ObjectiveC-9JBIDH96B0HKQJ3C9MMEIS12W.pcm

SwiftExplicitDependencyGeneratePcm arm64 /tmp/task-module-after/release/SDKExplicitPrecompiledModules/MachO-65JZPGJU4R9P1QRA965VTFC8X.pcm

SwiftExplicitDependencyGeneratePcm arm64 /tmp/task-module-after/release/SDKExplicitPrecompiledModules/os_object-AIV8DUW1AKXSGHAO64YJ7WG3E.pcm

SwiftExplicitDependencyGeneratePcm arm64 /tmp/task-module-after/release/SDKExplicitPrecompiledModules/os_workgroup-VNX5D4QPB6XS83GU2U8J6USY.pcm

SwiftExplicitDependencyGeneratePcm arm64 /tmp/task-module-after/release/SDKExplicitPrecompiledModules/Spatial-4GJYDM12JEQCQH47K057V9QW7.pcm

SwiftExplicitDependencyGeneratePcm arm64 /tmp/task-module-after/release/SDKExplicitPrecompiledModules/Dispatch-80MN541UQEP4EZW2XPJ1921SK.pcm

SwiftExplicitDependencyGeneratePcm arm64 /tmp/task-module-after/release/SDKExplicitPrecompiledModules/XPC-5L8O8XV37W208UE9AL000K52Q.pcm

SwiftExplicitDependencyGeneratePcm arm64 /tmp/task-module-after/release/SDKExplicitPrecompiledModules/dnssd-9IIDZPM6PETXC7DHFVYY7VHB3.pcm

SwiftExplicitDependencyGeneratePcm arm64 /tmp/task-module-after/release/SDKExplicitPrecompiledModules/CoreFoundation-C90WIBGGE8E1F3YWF96IO1AZG.pcm

SwiftExplicitDependencyGeneratePcm arm64 /tmp/task-module-after/release/SDKExplicitPrecompiledModules/os-CJXTCLWBJOBWXXW62Q7PYRG3C.pcm

SwiftExplicitDependencyGeneratePcm arm64 /tmp/task-module-after/release/SDKExplicitPrecompiledModules/CoreGraphics-18AGHC7R51XHT2YCHP8Z8ESZ6.pcm

SwiftExplicitDependencyGeneratePcm arm64 /tmp/task-module-after/release/SDKExplicitPrecompiledModules/CFNetwork-5694EDMWZJJ7HCXN7L7VRKTIX.pcm

SwiftExplicitDependencyGeneratePcm arm64 /tmp/task-module-after/release/SDKExplicitPrecompiledModules/CoreAudioTypes-A4D24KHBITY5TU1L4KPXRAGOS.pcm

SwiftExplicitDependencyGeneratePcm arm64 /tmp/task-module-after/release/SDKExplicitPrecompiledModules/Security-C7R4VSILAGJQL0HSGL88N7D0I.pcm

SwiftExplicitDependencyGeneratePcm arm64 /tmp/task-module-after/release/SDKExplicitPrecompiledModules/CoreAudio-DDHQBGW3FH17OE2EL56TJ53P2.pcm

SwiftExplicitDependencyGeneratePcm arm64 /tmp/task-module-after/release/SDKExplicitPrecompiledModules/Foundation-3C1FTULZOY18ZI4TE3YMD9FDW.pcm

SwiftExplicitDependencyGeneratePcm arm64 /tmp/task-module-after/release/SDKExplicitPrecompiledModules/CoreText-6HFQJFWHW0P62FZ8ZEUXN9X1E.pcm

SwiftExplicitDependencyGeneratePcm arm64 /tmp/task-module-after/release/SDKExplicitPrecompiledModules/ImageIO-3U0Q8L5W64U3308RIL0CE17DB.pcm

SwiftExplicitDependencyGeneratePcm arm64 /tmp/task-module-after/release/SDKExplicitPrecompiledModules/UIUtilities-CDSAECKBUEV5BEITL1PD8BX5J.pcm

SwiftExplicitDependencyGeneratePcm arm64 /tmp/task-module-after/release/SDKExplicitPrecompiledModules/OSLog-6KQNQKMYUOO6M3FXCUFCKLP61.pcm

SwiftExplicitDependencyGeneratePcm arm64 /tmp/task-module-after/release/SDKExplicitPrecompiledModules/RelevanceKit-AIOQWSCOCC8ZMTAE4EOKQ8800.pcm

SwiftExplicitDependencyGeneratePcm arm64 /tmp/task-module-after/release/SDKExplicitPrecompiledModules/CoreData-2ZXMW7UNRTCGFJWSNYIEA60DN.pcm

SwiftExplicitDependencyGeneratePcm arm64 /tmp/task-module-after/release/SDKExplicitPrecompiledModules/AppIntents-COX877UA9QANQLJ827D5U476A.pcm

SwiftExplicitDependencyGeneratePcm arm64 /tmp/task-module-after/release/SDKExplicitPrecompiledModules/Network-50VH9OT6VMXK24XNEHYHYGFIQ.pcm

SwiftExplicitDependencyGeneratePcm arm64 /tmp/task-module-after/release/SDKExplicitPrecompiledModules/IOSurface-5914TAKZIOOF3MUF8Z0NCKD51.pcm

SwiftExplicitDependencyGeneratePcm arm64 /tmp/task-module-after/release/SDKExplicitPrecompiledModules/FileProvider-CXRUMN10EA83B1I5B07F58NT0.pcm

SwiftExplicitDependencyGeneratePcm arm64 /tmp/task-module-after/release/SDKExplicitPrecompiledModules/UniformTypeIdentifiers-A1O8GYC0KXT75JQVBHKZYAVHC.pcm

SwiftExplicitDependencyGeneratePcm arm64 /tmp/task-module-after/release/SDKExplicitPrecompiledModules/UserNotifications-8SKOJQT6QO42H8PEGTYPHMQML.pcm

SwiftExplicitDependencyGeneratePcm arm64 /tmp/task-module-after/release/SDKExplicitPrecompiledModules/Accessibility-D4LWYOR2P5ZK7MCB0Y88L4T5T.pcm

SwiftExplicitDependencyGeneratePcm arm64 /tmp/task-module-after/release/SDKExplicitPrecompiledModules/DataDetection-DVMFWVZ8LA2ADA2UTD97SDR1T.pcm

SwiftExplicitDependencyGeneratePcm arm64 /tmp/task-module-after/release/SDKExplicitPrecompiledModules/WidgetKit-2JPIF02R2PB78Y97ZALVIDOX8.pcm

SwiftExplicitDependencyGeneratePcm arm64 /tmp/task-module-after/release/SDKExplicitPrecompiledModules/_LocationEssentials-BG5SK76XFSVPYDSMKLW5RYWIG.pcm

SwiftExplicitDependencyGeneratePcm arm64 /tmp/task-module-after/release/SDKExplicitPrecompiledModules/Symbols-4O60JUST1T3CQ9TFTSD8KV3AJ.pcm

SwiftExplicitDependencyGeneratePcm arm64 /tmp/task-module-after/release/SDKExplicitPrecompiledModules/AppIntentsTypeSupport-14ALWRDYDOOBF3N72NWYFI82J.pcm

SwiftExplicitDependencyGeneratePcm arm64 /tmp/task-module-after/release/SDKExplicitPrecompiledModules/CoreTransferable-5SMZZBAQMTBW7DG349LOS0KT3.pcm

SwiftExplicitDependencyGeneratePcm arm64 /tmp/task-module-after/release/SDKExplicitPrecompiledModules/CoreSpotlight-5VS3AI63YPMHB89ZHZE5FNLD4.pcm

SwiftExplicitDependencyGeneratePcm arm64 /tmp/task-module-after/release/SDKExplicitPrecompiledModules/OpenGLES-EZ30MMRQJ33A0YYL6XPGOUC8L.pcm

SwiftExplicitDependencyGeneratePcm arm64 /tmp/task-module-after/release/SDKExplicitPrecompiledModules/Metal-EM4XQW4KTFQBOE5IYYE8NSHJO.pcm

SwiftExplicitDependencyGeneratePcm arm64 /tmp/task-module-after/release/SDKExplicitPrecompiledModules/CoreLocation-4JCS5JCJT7AX4DQBP3CHOQDTZ.pcm

SwiftExplicitDependencyGeneratePcm arm64 /tmp/task-module-after/release/SDKExplicitPrecompiledModules/CoreMotion-4KGRYZ66248T3XMURQO8VRD6D.pcm

SwiftExplicitDependencyGeneratePcm arm64 /tmp/task-module-after/release/SDKExplicitPrecompiledModules/Intents-D3AUV1YMTH2VC1CN3Y3TMSU3T.pcm

SwiftExplicitDependencyGeneratePcm arm64 /tmp/task-module-after/release/SDKExplicitPrecompiledModules/CoreVideo-F175UITPUMB5EV7VMUONQ8K33.pcm

SwiftExplicitDependencyGeneratePcm arm64 /tmp/task-module-after/release/SDKExplicitPrecompiledModules/CoreImage-DNJIPM5X2OH64J2QHPAT1QAFA.pcm

SwiftExplicitDependencyGeneratePcm arm64 /tmp/task-module-after/release/SDKExplicitPrecompiledModules/CoreMedia-8ULRB6SRAYPZ8HOZ4G6123Y2W.pcm

SwiftExplicitDependencyGeneratePcm arm64 /tmp/task-module-after/release/SDKExplicitPrecompiledModules/QuartzCore-7SY07ROJI1DNTUU7LL9LVQKK5.pcm

SwiftExplicitDependencyGeneratePcm arm64 /tmp/task-module-after/release/SDKExplicitPrecompiledModules/SwiftUICore-2KXSDFMIOM43YG9K5R1QN2Y0E.pcm

SwiftExplicitDependencyGeneratePcm arm64 /tmp/task-module-after/release/SDKExplicitPrecompiledModules/UIKit-2B6HA3CNV1S3E0MF70484SX7W.pcm

SwiftExplicitDependencyGeneratePcm arm64 /tmp/task-module-after/release/SDKExplicitPrecompiledModules/SwiftUI-BFIHGTAN1VNYKVT5Z6VZ79VSD.pcm

SwiftCompile normal arm64 Compiling\ ScreenshotActivityWidget.swift,\ ScreenshotActivityAttributes.swift /Users/lyu/Documents/CODE/personal-assistant/apps/iOS/ScreenshotActivityWidget/ScreenshotActivityWidget.swift /Users/lyu/Documents/CODE/personal-assistant/apps/iOS/ScreenshotActivityShared/ScreenshotActivityAttributes.swift /Applications/Xcode.app/Contents/Developer/Toolchains/XcodeDefault.xctoolchain/usr/lib/swift/iphoneos/prebuilt-modules/27.0/FileProvider.swiftmodule/arm64e-apple-ios.swiftmodule /Applications/Xcode.app/Contents/Developer/Toolchains/XcodeDefault.xctoolchain/usr/lib/swift/iphoneos/prebuilt-modules/27.0/CoreGraphics.swiftmodule/arm64e-apple-ios.swiftmodule /Applications/Xcode.app/Contents/Developer/Toolchains/XcodeDefault.xctoolchain/usr/lib/swift/iphoneos/prebuilt-modules/27.0/ObjectiveC.swiftmodule/arm64e-apple-ios.swiftmodule /Applications/Xcode.app/Contents/Developer/Toolchains/XcodeDefault.xctoolchain/usr/lib/swift/iphoneos/prebuilt-modules/27.0/Accessibility.swiftmodule/arm64e-apple-ios.swiftmodule /Applications/Xcode.app/Contents/Developer/Toolchains/XcodeDefault.xctoolchain/usr/lib/swift/iphoneos/prebuilt-modules/27.0/CoreImage.swiftmodule/arm64e-apple-ios.swiftmodule /Applications/Xcode.app/Contents/Developer/Toolchains/XcodeDefault.xctoolchain/usr/lib/swift/iphoneos/prebuilt-modules/27.0/CoreData.swiftmodule/arm64e-apple-ios.swiftmodule /Applications/Xcode.app/Contents/Developer/Toolchains/XcodeDefault.xctoolchain/usr/lib/swift/iphoneos/prebuilt-modules/27.0/Observation.swiftmodule/arm64e-apple-ios.swiftmodule /Applications/Xcode.app/Contents/Developer/Toolchains/XcodeDefault.xctoolchain/usr/lib/swift/iphoneos/prebuilt-modules/27.0/AppIntents.swiftmodule/arm64e-apple-ios.swiftmodule /Applications/Xcode.app/Contents/Developer/Toolchains/XcodeDefault.xctoolchain/usr/lib/swift/iphoneos/prebuilt-modules/27.0/CoreText.swiftmodule/arm64e-apple-ios.swiftmodule /Applications/Xcode.app/Contents/Developer/Toolchains/XcodeDefault.xctoolchain/usr/lib/swift/iphoneos/prebuilt-modules/27.0/_AppIntents_SwiftUI.swiftmodule/arm64e-apple-ios.swiftmodule /Applications/Xcode.app/Contents/Developer/Toolchains/XcodeDefault.xctoolchain/usr/lib/swift/iphoneos/prebuilt-modules/27.0/UniformTypeIdentifiers.swiftmodule/arm64e-apple-ios.swiftmodule /Applications/Xcode.app/Contents/Developer/Toolchains/XcodeDefault.xctoolchain/usr/lib/swift/iphoneos/prebuilt-modules/27.0/AppIntentsTypeSupport.swiftmodule/arm64e-apple-ios.swiftmodule /Applications/Xcode.app/Contents/Developer/Toolchains/XcodeDefault.xctoolchain/usr/lib/swift/iphoneos/prebuilt-modules/27.0/WidgetKit.swiftmodule/arm64e-apple-ios.swiftmodule /Applications/Xcode.app/Contents/Developer/Toolchains/XcodeDefault.xctoolchain/usr/lib/swift/iphoneos/prebuilt-modules/27.0/ExtensionFoundation.swiftmodule/arm64e-apple-ios.swiftmodule /Applications/Xcode.app/Contents/Developer/Toolchains/XcodeDefault.xctoolchain/usr/lib/swift/iphoneos/prebuilt-modules/27.0/ImageIO.swiftmodule/arm64e-apple-ios.swiftmodule /Applications/Xcode.app/Contents/Developer/Toolchains/XcodeDefault.xctoolchain/usr/lib/swift/iphoneos/prebuilt-modules/27.0/XPC.swiftmodule/arm64e-apple-ios.swiftmodule /Applications/Xcode.app/Contents/Developer/Toolchains/XcodeDefault.xctoolchain/usr/lib/swift/iphoneos/prebuilt-modules/27.0/SwiftUI.swiftmodule/arm64e-apple-ios.swiftmodule /Applications/Xcode.app/Contents/Developer/Toolchains/XcodeDefault.xctoolchain/usr/lib/swift/iphoneos/prebuilt-modules/27.0/Metal.swiftmodule/arm64e-apple-ios.swiftmodule /Applications/Xcode.app/Contents/Developer/Toolchains/XcodeDefault.xctoolchain/usr/lib/swift/iphoneos/prebuilt-modules/27.0/Symbols.swiftmodule/arm64e-apple-ios.swiftmodule /Applications/Xcode.app/Contents/Developer/Toolchains/XcodeDefault.xctoolchain/usr/lib/swift/iphoneos/prebuilt-modules/27.0/Network.swiftmodule/arm64e-apple-ios.swiftmodule /Applications/Xcode.app/Contents/Developer/Toolchains/XcodeDefault.xctoolchain/usr/lib/swift/iphoneos/prebuilt-modules/27.0/OSLog.swiftmodule/arm64e-apple-ios.swiftmodule /Applications/Xcode.app/Contents/Developer/Toolchains/XcodeDefault.xctoolchain/usr/lib/swift/iphoneos/prebuilt-modules/27.0/Swift.swiftmodule/arm64e-apple-ios.swiftmodule /Applications/Xcode.app/Contents/Developer/Toolchains/XcodeDefault.xctoolchain/usr/lib/swift/iphoneos/prebuilt-modules/27.0/simd.swiftmodule/arm64e-apple-ios.swiftmodule /Applications/Xcode.app/Contents/Developer/Toolchains/XcodeDefault.xctoolchain/usr/lib/swift/iphoneos/prebuilt-modules/27.0/CoreFoundation.swiftmodule/arm64e-apple-ios.swiftmodule /Applications/Xcode.app/Contents/Developer/Toolchains/XcodeDefault.xctoolchain/usr/lib/swift/iphoneos/prebuilt-modules/27.0/Darwin.swiftmodule/arm64e-apple-ios.swiftmodule /Applications/Xcode.app/Contents/Developer/Toolchains/XcodeDefault.xctoolchain/usr/lib/swift/iphoneos/prebuilt-modules/27.0/DeveloperToolsSupport.swiftmodule/arm64e-apple-ios.swiftmodule /Applications/Xcode.app/Contents/Developer/Toolchains/XcodeDefault.xctoolchain/usr/lib/swift/iphoneos/prebuilt-modules/27.0/CoreSpotlight.swiftmodule/arm64e-apple-ios.swiftmodule /Applications/Xcode.app/Contents/Developer/Toolchains/XcodeDefault.xctoolchain/usr/lib/swift/iphoneos/prebuilt-modules/27.0/os.swiftmodule/arm64e-apple-ios.swiftmodule /Applications/Xcode.app/Contents/Developer/Toolchains/XcodeDefault.xctoolchain/usr/lib/swift/iphoneos/prebuilt-modules/27.0/QuartzCore.swiftmodule/arm64e-apple-ios.swiftmodule /Applications/Xcode.app/Contents/Developer/Toolchains/XcodeDefault.xctoolchain/usr/lib/swift/iphoneos/prebuilt-modules/27.0/Distributed.swiftmodule/arm64e-apple-ios.swiftmodule /Applications/Xcode.app/Contents/Developer/Toolchains/XcodeDefault.xctoolchain/usr/lib/swift/iphoneos/prebuilt-modules/27.0/System.swiftmodule/arm64e-apple-ios.swiftmodule /Applications/Xcode.app/Contents/Developer/Toolchains/XcodeDefault.xctoolchain/usr/lib/swift/iphoneos/prebuilt-modules/27.0/_DarwinFoundation2.swiftmodule/arm64e-apple-ios.swiftmodule /Applications/Xcode.app/Contents/Developer/Toolchains/XcodeDefault.xctoolchain/usr/lib/swift/iphoneos/prebuilt-modules/27.0/_DarwinFoundation3.swiftmodule/arm64e-apple-ios.swiftmodule /Applications/Xcode.app/Contents/Developer/Toolchains/XcodeDefault.xctoolchain/usr/lib/swift/iphoneos/prebuilt-modules/27.0/SwiftUICore.swiftmodule/arm64e-apple-ios.swiftmodule /Applications/Xcode.app/Contents/Developer/Toolchains/XcodeDefault.xctoolchain/usr/lib/swift/iphoneos/prebuilt-modules/27.0/CoreAudio.swiftmodule/arm64e-apple-ios.swiftmodule /Applications/Xcode.app/Contents/Developer/Toolchains/XcodeDefault.xctoolchain/usr/lib/swift/iphoneos/prebuilt-modules/27.0/_StringProcessing.swiftmodule/arm64e-apple-ios.swiftmodule /Applications/Xcode.app/Contents/Developer/Toolchains/XcodeDefault.xctoolchain/usr/lib/swift/iphoneos/prebuilt-modules/27.0/Dispatch.swiftmodule/arm64e-apple-ios.swiftmodule /Applications/Xcode.app/Contents/Developer/Toolchains/XcodeDefault.xctoolchain/usr/lib/swift/iphoneos/prebuilt-modules/27.0/CoreLocation.swiftmodule/arm64e-apple-ios.swiftmodule /Applications/Xcode.app/Contents/Developer/Toolchains/XcodeDefault.xctoolchain/usr/lib/swift/iphoneos/prebuilt-modules/27.0/ActivityKit.swiftmodule/arm64e-apple-ios.swiftmodule /Applications/Xcode.app/Contents/Developer/Toolchains/XcodeDefault.xctoolchain/usr/lib/swift/iphoneos/prebuilt-modules/27.0/_Builtin_float.swiftmodule/arm64e-apple-ios.swiftmodule /Applications/Xcode.app/Contents/Developer/Toolchains/XcodeDefault.xctoolchain/usr/lib/swift/iphoneos/prebuilt-modules/27.0/Combine.swiftmodule/arm64e-apple-ios.swiftmodule /Applications/Xcode.app/Contents/Developer/Toolchains/XcodeDefault.xctoolchain/usr/lib/swift/iphoneos/prebuilt-modules/27.0/_Concurrency.swiftmodule/arm64e-apple-ios.swiftmodule /Applications/Xcode.app/Contents/Developer/Toolchains/XcodeDefault.xctoolchain/usr/lib/swift/iphoneos/prebuilt-modules/27.0/CoreVideo.swiftmodule/arm64e-apple-ios.swiftmodule /Applications/Xcode.app/Contents/Developer/Toolchains/XcodeDefault.xctoolchain/usr/lib/swift/iphoneos/prebuilt-modules/27.0/UIKit.swiftmodule/arm64e-apple-ios.swiftmodule /Applications/Xcode.app/Contents/Developer/Toolchains/XcodeDefault.xctoolchain/usr/lib/swift/iphoneos/prebuilt-modules/27.0/CoreMotion.swiftmodule/arm64e-apple-ios.swiftmodule /Applications/Xcode.app/Contents/Developer/Toolchains/XcodeDefault.xctoolchain/usr/lib/swift/iphoneos/prebuilt-modules/27.0/CoreMedia.swiftmodule/arm64e-apple-ios.swiftmodule /Applications/Xcode.app/Contents/Developer/Toolchains/XcodeDefault.xctoolchain/usr/lib/swift/iphoneos/prebuilt-modules/27.0/_DarwinFoundation1.swiftmodule/arm64e-apple-ios.swiftmodule /Applications/Xcode.app/Contents/Developer/Toolchains/XcodeDefault.xctoolchain/usr/lib/swift/iphoneos/prebuilt-modules/27.0/Foundation.swiftmodule/arm64e-apple-ios.swiftmodule /Applications/Xcode.app/Contents/Developer/Toolchains/XcodeDefault.xctoolchain/usr/lib/swift/iphoneos/prebuilt-modules/27.0/Intents.swiftmodule/arm64e-apple-ios.swiftmodule /Applications/Xcode.app/Contents/Developer/Toolchains/XcodeDefault.xctoolchain/usr/lib/swift/iphoneos/prebuilt-modules/27.0/CoreTransferable.swiftmodule/arm64e-apple-ios.swiftmodule /Applications/Xcode.app/Contents/Developer/Toolchains/XcodeDefault.xctoolchain/usr/lib/swift/iphoneos/prebuilt-modules/27.0/DataDetection.swiftmodule/arm64e-apple-ios.swiftmodule /Applications/Xcode.app/Contents/Developer/Toolchains/XcodeDefault.xctoolchain/usr/lib/swift/iphoneos/prebuilt-modules/27.0/RelevanceKit.swiftmodule/arm64e-apple-ios.swiftmodule /Applications/Xcode.app/Contents/Developer/Toolchains/XcodeDefault.xctoolchain/usr/lib/swift/iphoneos/prebuilt-modules/27.0/LightweightCodeRequirements.swiftmodule/arm64e-apple-ios.swiftmodule /Applications/Xcode.app/Contents/Developer/Toolchains/XcodeDefault.xctoolchain/usr/lib/swift/iphoneos/prebuilt-modules/27.0/Spatial.swiftmodule/arm64e-apple-ios.swiftmodule /tmp/task-module-after/release/SDKExplicitPrecompiledModules/CoreAudio-DDHQBGW3FH17OE2EL56TJ53P2.pcm /tmp/task-module-after/release/SDKExplicitPrecompiledModules/CoreVideo-F175UITPUMB5EV7VMUONQ8K33.pcm /tmp/task-module-after/release/SDKExplicitPrecompiledModules/CFNetwork-5694EDMWZJJ7HCXN7L7VRKTIX.pcm /tmp/task-module-after/release/SDKExplicitPrecompiledModules/_Builtin_limits-5XZR0JU1V5LHAR2FZB3ECS1QV.pcm /tmp/task-module-after/release/SDKExplicitPrecompiledModules/Intents-D3AUV1YMTH2VC1CN3Y3TMSU3T.pcm /tmp/task-module-after/release/SDKExplicitPrecompiledModules/WidgetKit-2JPIF02R2PB78Y97ZALVIDOX8.pcm /tmp/task-module-after/release/SDKExplicitPrecompiledModules/ImageIO-3U0Q8L5W64U3308RIL0CE17DB.pcm /tmp/task-module-after/release/SDKExplicitPrecompiledModules/_DarwinFoundation2-4P27AHVJKQQ16ZXYT3FLUQBUE.pcm /tmp/task-module-after/release/SDKExplicitPrecompiledModules/DataDetection-DVMFWVZ8LA2ADA2UTD97SDR1T.pcm /tmp/task-module-after/release/SDKExplicitPrecompiledModules/os_workgroup-VNX5D4QPB6XS83GU2U8J6USY.pcm /tmp/task-module-after/release/SDKExplicitPrecompiledModules/os_object-AIV8DUW1AKXSGHAO64YJ7WG3E.pcm /tmp/task-module-after/release/SDKExplicitPrecompiledModules/CoreData-2ZXMW7UNRTCGFJWSNYIEA60DN.pcm /tmp/task-module-after/release/SDKExplicitPrecompiledModules/UIUtilities-CDSAECKBUEV5BEITL1PD8BX5J.pcm /tmp/task-module-after/release/SDKExplicitPrecompiledModules/_Builtin_tgmath-BE2SC2J8Y1ANFXC9FYON9K897.pcm /tmp/task-module-after/release/SDKExplicitPrecompiledModules/CoreTransferable-5SMZZBAQMTBW7DG349LOS0KT3.pcm /tmp/task-module-after/release/SDKExplicitPrecompiledModules/Dispatch-80MN541UQEP4EZW2XPJ1921SK.pcm /tmp/task-module-after/release/SDKExplicitPrecompiledModules/RelevanceKit-AIOQWSCOCC8ZMTAE4EOKQ8800.pcm /tmp/task-module-after/release/SDKExplicitPrecompiledModules/UniformTypeIdentifiers-A1O8GYC0KXT75JQVBHKZYAVHC.pcm /tmp/task-module-after/release/SDKExplicitPrecompiledModules/QuartzCore-7SY07ROJI1DNTUU7LL9LVQKK5.pcm /tmp/task-module-after/release/SDKExplicitPrecompiledModules/MachO-65JZPGJU4R9P1QRA965VTFC8X.pcm /tmp/task-module-after/release/SDKExplicitPrecompiledModules/CoreSpotlight-5VS3AI63YPMHB89ZHZE5FNLD4.pcm /tmp/task-module-after/release/SDKExplicitPrecompiledModules/Network-50VH9OT6VMXK24XNEHYHYGFIQ.pcm /tmp/task-module-after/release/SDKExplicitPrecompiledModules/string_h-7C93NK3X5IT1HITH8YJFV9ZMI.pcm /tmp/task-module-after/release/SDKExplicitPrecompiledModules/AppIntentsTypeSupport-14ALWRDYDOOBF3N72NWYFI82J.pcm /tmp/task-module-after/release/SDKExplicitPrecompiledModules/CoreMedia-8ULRB6SRAYPZ8HOZ4G6123Y2W.pcm /tmp/task-module-after/release/SDKExplicitPrecompiledModules/OpenGLES-EZ30MMRQJ33A0YYL6XPGOUC8L.pcm /tmp/task-module-after/release/SDKExplicitPrecompiledModules/IOSurface-5914TAKZIOOF3MUF8Z0NCKD51.pcm /tmp/task-module-after/release/SDKExplicitPrecompiledModules/Symbols-4O60JUST1T3CQ9TFTSD8KV3AJ.pcm /tmp/task-module-after/release/SDKExplicitPrecompiledModules/CoreImage-DNJIPM5X2OH64J2QHPAT1QAFA.pcm /tmp/task-module-after/release/SDKExplicitPrecompiledModules/CoreFoundation-C90WIBGGE8E1F3YWF96IO1AZG.pcm /tmp/task-module-after/release/SDKExplicitPrecompiledModules/_SwiftConcurrencyShims-4ZMU60DP6L1B20HC0Q8K87BCX.pcm /tmp/task-module-after/release/SDKExplicitPrecompiledModules/SwiftUICore-2KXSDFMIOM43YG9K5R1QN2Y0E.pcm /tmp/task-module-after/release/SDKExplicitPrecompiledModules/sys_types-3ALQQ46AU4LUCQQ8185OS8F3E.pcm /tmp/task-module-after/release/SDKExplicitPrecompiledModules/CoreMotion-4KGRYZ66248T3XMURQO8VRD6D.pcm /tmp/task-module-after/release/SDKExplicitPrecompiledModules/Foundation-3C1FTULZOY18ZI4TE3YMD9FDW.pcm /tmp/task-module-after/release/SDKExplicitPrecompiledModules/ptrcheck-9OE1GYWPHIJYRRQDZKWAIXWW8.pcm /tmp/task-module-after/release/SDKExplicitPrecompiledModules/SwiftShims-76MWTCBGLNFSO4ET136XT32UE.pcm /tmp/task-module-after/release/SDKExplicitPrecompiledModules/Spatial-4GJYDM12JEQCQH47K057V9QW7.pcm /tmp/task-module-after/release/SDKExplicitPrecompiledModules/_Builtin_intrinsics-1GCHQXII1GULU49FGKAFPZH8D.pcm /tmp/task-module-after/release/SDKExplicitPrecompiledModules/_Builtin_stddef-27V03JHBJ4OWMID68J4ZWPE6V.pcm /tmp/task-module-after/release/SDKExplicitPrecompiledModules/simd-5L4E6GPA2GO63F4GA6WFFSD4O.pcm /tmp/task-module-after/release/SDKExplicitPrecompiledModules/OSLog-6KQNQKMYUOO6M3FXCUFCKLP61.pcm /tmp/task-module-after/release/SDKExplicitPrecompiledModules/_Builtin_stdarg-3Q8DRVLI0ST94YYL7DUL6V5CJ.pcm /tmp/task-module-after/release/SDKExplicitPrecompiledModules/Darwin-82YTP2DS755UFUOEKVZ59JF15.pcm /tmp/task-module-after/release/SDKExplicitPrecompiledModules/Accessibility-D4LWYOR2P5ZK7MCB0Y88L4T5T.pcm /tmp/task-module-after/release/SDKExplicitPrecompiledModules/ptrauth-6G7IPRG3SN3B54PFEWFZIS7FB.pcm /tmp/task-module-after/release/SDKExplicitPrecompiledModules/_DarwinFoundation3-8HPJK1PQKSDKOKOLM3BRSY38T.pcm /tmp/task-module-after/release/SDKExplicitPrecompiledModules/_Builtin_float-CMB13VX9HCB109WFPOH7E1A88.pcm /tmp/task-module-after/release/SDKExplicitPrecompiledModules/CoreAudioTypes-A4D24KHBITY5TU1L4KPXRAGOS.pcm /tmp/task-module-after/release/SDKExplicitPrecompiledModules/_Builtin_inttypes-AEVXP0KA9D79GMU99RBOTMWPD.pcm /tmp/task-module-after/release/SDKExplicitPrecompiledModules/CoreGraphics-18AGHC7R51XHT2YCHP8Z8ESZ6.pcm /tmp/task-module-after/release/SDKExplicitPrecompiledModules/ExtensionFoundation-AFXVKMFZVBYD04DBVP466IYKB.pcm /tmp/task-module-after/release/SDKExplicitPrecompiledModules/SwiftUI-BFIHGTAN1VNYKVT5Z6VZ79VSD.pcm /tmp/task-module-after/release/SDKExplicitPrecompiledModules/XPC-5L8O8XV37W208UE9AL000K52Q.pcm /tmp/task-module-after/release/SDKExplicitPrecompiledModules/dnssd-9IIDZPM6PETXC7DHFVYY7VHB3.pcm /tmp/task-module-after/release/SDKExplicitPrecompiledModules/Security-C7R4VSILAGJQL0HSGL88N7D0I.pcm /tmp/task-module-after/release/SDKExplicitPrecompiledModules/DeveloperToolsSupport-EXQIXEJOYGBWVOREWRNYUIAKD.pcm /tmp/task-module-after/release/SDKExplicitPrecompiledModules/ObjectiveC-9JBIDH96B0HKQJ3C9MMEIS12W.pcm /tmp/task-module-after/release/SDKExplicitPrecompiledModules/_Builtin_stdatomic-162G4M1XR6L8YHO1IJ45SDRI6.pcm /tmp/task-module-after/release/SDKExplicitPrecompiledModules/_Builtin_stdbool-2YK081DB9RB0FC2CJRZM0QJQ5.pcm /tmp/task-module-after/release/SDKExplicitPrecompiledModules/UserNotifications-8SKOJQT6QO42H8PEGTYPHMQML.pcm /tmp/task-module-after/release/SDKExplicitPrecompiledModules/os-CJXTCLWBJOBWXXW62Q7PYRG3C.pcm /tmp/task-module-after/release/SDKExplicitPrecompiledModules/Metal-EM4XQW4KTFQBOE5IYYE8NSHJO.pcm /tmp/task-module-after/release/SDKExplicitPrecompiledModules/CoreLocation-4JCS5JCJT7AX4DQBP3CHOQDTZ.pcm /tmp/task-module-after/release/SDKExplicitPrecompiledModules/_DarwinFoundation1-8DI1V8LP62VRBFOGVHC1HYXZS.pcm /tmp/task-module-after/release/SDKExplicitPrecompiledModules/UIKit-2B6HA3CNV1S3E0MF70484SX7W.pcm /tmp/task-module-after/release/SDKExplicitPrecompiledModules/CoreText-6HFQJFWHW0P62FZ8ZEUXN9X1E.pcm /tmp/task-module-after/release/SDKExplicitPrecompiledModules/_LocationEssentials-BG5SK76XFSVPYDSMKLW5RYWIG.pcm /tmp/task-module-after/release/SDKExplicitPrecompiledModules/_AvailabilityInternal-9E2NGFYCA7T4KM82AW0WQ68UW.pcm /tmp/task-module-after/release/SDKExplicitPrecompiledModules/_Builtin_stdint-DK0IJP9A03IGJIYE2MYY2A08H.pcm /tmp/task-module-after/release/SDKExplicitPrecompiledModules/AppIntents-COX877UA9QANQLJ827D5U476A.pcm /tmp/task-module-after/release/SDKExplicitPrecompiledModules/ActivityKit-5QYKNM4RW9059EXS1ML4LHKPW.pcm /tmp/task-module-after/release/SDKExplicitPrecompiledModules/FileProvider-CXRUMN10EA83B1I5B07F58NT0.pcm /tmp/task-module-after/release/Build/Intermediates.noindex/PersonalAssistant.build/Release-iphoneos/ScreenshotActivityWidget.build/Objects-normal/arm64/ScreenshotActivityWidget-dependencies-1.json (in target 'ScreenshotActivityWidget' from project 'PersonalAssistant')

SwiftCompile normal arm64 (in target 'ScreenshotActivityWidget' from project 'PersonalAssistant')
    cd /Users/lyu/Documents/CODE/personal-assistant/apps/iOS
    

SwiftDriverJobDiscovery normal arm64 Compiling ScreenshotActivityWidget.swift, ScreenshotActivityAttributes.swift (in target 'ScreenshotActivityWidget' from project 'PersonalAssistant')

SwiftDriver\ Compilation\ Requirements ScreenshotActivityWidget normal arm64 com.apple.xcode.tools.swift.compiler (in target 'ScreenshotActivityWidget' from project 'PersonalAssistant')
    cd /Users/lyu/Documents/CODE/personal-assistant/apps/iOS
    builtin-Swift-Compilation-Requirements -- /Applications/Xcode.app/Contents/Developer/Toolchains/XcodeDefault.xctoolchain/usr/bin/swiftc -module-name ScreenshotActivityWidget -O -whole-module-optimization @/tmp/task-module-after/release/Build/Intermediates.noindex/PersonalAssistant.build/Release-iphoneos/ScreenshotActivityWidget.build/Objects-normal/arm64/ScreenshotActivityWidget.SwiftFileList -enable-bare-slash-regex -enable-experimental-feature DebugDescriptionMacro -sdk /Applications/Xcode.app/Contents/Developer/Platforms/iPhoneOS.platform/Developer/SDKs/iPhoneOS27.0.sdk -target arm64-apple-ios27.0 -g -module-cache-path /tmp/task-module-after/release/ModuleCache.noindex -Xfrontend -serialize-debugging-options -application-extension -swift-version 5 -I /tmp/task-module-after/release/Build/Products/Release-iphoneos -F /tmp/task-module-after/release/Build/Products/Release-iphoneos -c -num-threads 12 -Xcc -ivfsstatcache -Xcc /tmp/task-module-after/release/SDKStatCaches.noindex/iphoneos27.0-24A430-e829b21a6f8c9b70876ba0858053c0446c78b3cbc238196c85e1bf6c792c5915.sdkstatcache -output-file-map /tmp/task-module-after/release/Build/Intermediates.noindex/PersonalAssistant.build/Release-iphoneos/ScreenshotActivityWidget.build/Objects-normal/arm64/ScreenshotActivityWidget-OutputFileMap.json -save-temps -no-color-diagnostics -explicit-module-build -module-cache-path /tmp/task-module-after/release/Build/Intermediates.noindex/SwiftExplicitPrecompiledModules -clang-scanner-module-cache-path /tmp/task-module-after/release/ModuleCache.noindex -sdk-module-cache-path /tmp/task-module-after/release/SDKExplicitPrecompiledModules -emit-dependencies -emit-module -emit-module-path /tmp/task-module-after/release/Build/Intermediates.noindex/PersonalAssistant.build/Release-iphoneos/ScreenshotActivityWidget.build/Objects-normal/arm64/ScreenshotActivityWidget.swiftmodule -serialize-diagnostics -dependency-scan-serialize-diagnostics-path /tmp/task-module-after/release/Build/Intermediates.noindex/PersonalAssistant.build/Release-iphoneos/ScreenshotActivityWidget.build/Objects-normal/arm64/ScreenshotActivityWidget-dependency-scan.dia -validate-clang-modules-once -clang-build-session-file /tmp/task-module-after/release/ModuleCache.noindex/Session.modulevalidation -Xcc -fmodules-prune-interval\=86400 -Xcc -fmodules-prune-after\=345600 -emit-const-values -const-gather-protocols-list /tmp/task-module-after/release/Build/Intermediates.noindex/PersonalAssistant.build/Release-iphoneos/ScreenshotActivityWidget.build/Objects-normal/arm64/ScreenshotActivityWidget_const_extract_protocols.json -Xcc -iquote -Xcc /tmp/task-module-after/release/Build/Intermediates.noindex/PersonalAssistant.build/Release-iphoneos/ScreenshotActivityWidget.build/ScreenshotActivityWidget-generated-files.hmap -Xcc -I/tmp/task-module-after/release/Build/Intermediates.noindex/PersonalAssistant.build/Release-iphoneos/ScreenshotActivityWidget.build/ScreenshotActivityWidget-own-target-headers.hmap -Xcc -I/tmp/task-module-after/release/Build/Intermediates.noindex/PersonalAssistant.build/Release-iphoneos/ScreenshotActivityWidget.build/ScreenshotActivityWidget-all-target-headers.hmap -Xcc -iquote -Xcc /tmp/task-module-after/release/Build/Intermediates.noindex/PersonalAssistant.build/Release-iphoneos/ScreenshotActivityWidget.build/ScreenshotActivityWidget-project-headers.hmap -Xcc -I/tmp/task-module-after/release/Build/Products/Release-iphoneos/include -Xcc -I/tmp/task-module-after/release/Build/Intermediates.noindex/PersonalAssistant.build/Release-iphoneos/ScreenshotActivityWidget.build/DerivedSources-normal/arm64 -Xcc -I/tmp/task-module-after/release/Build/Intermediates.noindex/PersonalAssistant.build/Release-iphoneos/ScreenshotActivityWidget.build/DerivedSources/arm64 -Xcc -I/tmp/task-module-after/release/Build/Intermediates.noindex/PersonalAssistant.build/Release-iphoneos/ScreenshotActivityWidget.build/DerivedSources -emit-objc-header -emit-objc-header-path /tmp/task-module-after/release/Build/Intermediates.noindex/PersonalAssistant.build/Release-iphoneos/ScreenshotActivityWidget.build/Objects-normal/arm64/ScreenshotActivityWidget-Swift.h -working-directory /Users/lyu/Documents/CODE/personal-assistant/apps/iOS -no-emit-module-separately-wmo

SwiftMergeGeneratedHeaders /tmp/task-module-after/release/Build/Intermediates.noindex/PersonalAssistant.build/Release-iphoneos/ScreenshotActivityWidget.build/DerivedSources/ScreenshotActivityWidget-Swift.h /tmp/task-module-after/release/Build/Intermediates.noindex/PersonalAssistant.build/Release-iphoneos/ScreenshotActivityWidget.build/Objects-normal/arm64/ScreenshotActivityWidget-Swift.h (in target 'ScreenshotActivityWidget' from project 'PersonalAssistant')
    cd /Users/lyu/Documents/CODE/personal-assistant/apps/iOS
    builtin-swiftHeaderTool -arch arm64 /tmp/task-module-after/release/Build/Intermediates.noindex/PersonalAssistant.build/Release-iphoneos/ScreenshotActivityWidget.build/Objects-normal/arm64/ScreenshotActivityWidget-Swift.h -o /tmp/task-module-after/release/Build/Intermediates.noindex/PersonalAssistant.build/Release-iphoneos/ScreenshotActivityWidget.build/DerivedSources/ScreenshotActivityWidget-Swift.h

Copy /tmp/task-module-after/release/Build/Products/Release-iphoneos/ScreenshotActivityWidget.swiftmodule/arm64-apple-ios.swiftdoc /tmp/task-module-after/release/Build/Intermediates.noindex/PersonalAssistant.build/Release-iphoneos/ScreenshotActivityWidget.build/Objects-normal/arm64/ScreenshotActivityWidget.swiftdoc (in target 'ScreenshotActivityWidget' from project 'PersonalAssistant')
    cd /Users/lyu/Documents/CODE/personal-assistant/apps/iOS
    builtin-copy -exclude .DS_Store -exclude CVS -exclude .svn -exclude .git -exclude .hg -resolve-src-symlinks -rename /tmp/task-module-after/release/Build/Intermediates.noindex/PersonalAssistant.build/Release-iphoneos/ScreenshotActivityWidget.build/Objects-normal/arm64/ScreenshotActivityWidget.swiftdoc /tmp/task-module-after/release/Build/Products/Release-iphoneos/ScreenshotActivityWidget.swiftmodule/arm64-apple-ios.swiftdoc

Copy /tmp/task-module-after/release/Build/Products/Release-iphoneos/ScreenshotActivityWidget.swiftmodule/arm64-apple-ios.abi.json /tmp/task-module-after/release/Build/Intermediates.noindex/PersonalAssistant.build/Release-iphoneos/ScreenshotActivityWidget.build/Objects-normal/arm64/ScreenshotActivityWidget.abi.json (in target 'ScreenshotActivityWidget' from project 'PersonalAssistant')
    cd /Users/lyu/Documents/CODE/personal-assistant/apps/iOS
    builtin-copy -exclude .DS_Store -exclude CVS -exclude .svn -exclude .git -exclude .hg -resolve-src-symlinks -rename /tmp/task-module-after/release/Build/Intermediates.noindex/PersonalAssistant.build/Release-iphoneos/ScreenshotActivityWidget.build/Objects-normal/arm64/ScreenshotActivityWidget.abi.json /tmp/task-module-after/release/Build/Products/Release-iphoneos/ScreenshotActivityWidget.swiftmodule/arm64-apple-ios.abi.json

Copy /tmp/task-module-after/release/Build/Products/Release-iphoneos/ScreenshotActivityWidget.swiftmodule/arm64-apple-ios.swiftmodule /tmp/task-module-after/release/Build/Intermediates.noindex/PersonalAssistant.build/Release-iphoneos/ScreenshotActivityWidget.build/Objects-normal/arm64/ScreenshotActivityWidget.swiftmodule (in target 'ScreenshotActivityWidget' from project 'PersonalAssistant')
    cd /Users/lyu/Documents/CODE/personal-assistant/apps/iOS
    builtin-copy -exclude .DS_Store -exclude CVS -exclude .svn -exclude .git -exclude .hg -resolve-src-symlinks -rename /tmp/task-module-after/release/Build/Intermediates.noindex/PersonalAssistant.build/Release-iphoneos/ScreenshotActivityWidget.build/Objects-normal/arm64/ScreenshotActivityWidget.swiftmodule /tmp/task-module-after/release/Build/Products/Release-iphoneos/ScreenshotActivityWidget.swiftmodule/arm64-apple-ios.swiftmodule

Copy /tmp/task-module-after/release/Build/Products/Release-iphoneos/ScreenshotActivityWidget.swiftmodule/Project/arm64-apple-ios.swiftsourceinfo /tmp/task-module-after/release/Build/Intermediates.noindex/PersonalAssistant.build/Release-iphoneos/ScreenshotActivityWidget.build/Objects-normal/arm64/ScreenshotActivityWidget.swiftsourceinfo (in target 'ScreenshotActivityWidget' from project 'PersonalAssistant')
    cd /Users/lyu/Documents/CODE/personal-assistant/apps/iOS
    builtin-copy -exclude .DS_Store -exclude CVS -exclude .svn -exclude .git -exclude .hg -resolve-src-symlinks -rename /tmp/task-module-after/release/Build/Intermediates.noindex/PersonalAssistant.build/Release-iphoneos/ScreenshotActivityWidget.build/Objects-normal/arm64/ScreenshotActivityWidget.swiftsourceinfo /tmp/task-module-after/release/Build/Products/Release-iphoneos/ScreenshotActivityWidget.swiftmodule/Project/arm64-apple-ios.swiftsourceinfo

Ld /tmp/task-module-after/release/Build/Products/Release-iphoneos/ScreenshotActivityWidget.appex/ScreenshotActivityWidget normal (in target 'ScreenshotActivityWidget' from project 'PersonalAssistant')
    cd /Users/lyu/Documents/CODE/personal-assistant/apps/iOS
    /Applications/Xcode.app/Contents/Developer/Toolchains/XcodeDefault.xctoolchain/usr/bin/clang -Xlinker -reproducible -target arm64-apple-ios27.0 -isysroot /Applications/Xcode.app/Contents/Developer/Platforms/iPhoneOS.platform/Developer/SDKs/iPhoneOS27.0.sdk -Os -Xlinker -no_warn_duplicate_libraries -L/tmp/task-module-after/release/Build/Intermediates.noindex/EagerLinkingTBDs/Release-iphoneos -L/tmp/task-module-after/release/Build/Products/Release-iphoneos -F/tmp/task-module-after/release/Build/Intermediates.noindex/EagerLinkingTBDs/Release-iphoneos -F/tmp/task-module-after/release/Build/Products/Release-iphoneos -filelist /tmp/task-module-after/release/Build/Intermediates.noindex/PersonalAssistant.build/Release-iphoneos/ScreenshotActivityWidget.build/Objects-normal/arm64/ScreenshotActivityWidget.LinkFileList -Xlinker -rpath -Xlinker @executable_path/Frameworks -Xlinker -rpath -Xlinker @executable_path/../../Frameworks -Xlinker -dead_strip -Xlinker -object_path_lto -Xlinker /tmp/task-module-after/release/Build/Intermediates.noindex/PersonalAssistant.build/Release-iphoneos/ScreenshotActivityWidget.build/Objects-normal/arm64/ScreenshotActivityWidget_lto.o -Xlinker -dependency_info -Xlinker /tmp/task-module-after/release/Build/Intermediates.noindex/PersonalAssistant.build/Release-iphoneos/ScreenshotActivityWidget.build/Objects-normal/arm64/ScreenshotActivityWidget_dependency_info.dat -e _NSExtensionMain -fapplication-extension -fobjc-link-runtime -L/Applications/Xcode.app/Contents/Developer/Toolchains/XcodeDefault.xctoolchain/usr/lib/swift/iphoneos -L/usr/lib/swift -Xlinker -add_ast_path -Xlinker /tmp/task-module-after/release/Build/Intermediates.noindex/PersonalAssistant.build/Release-iphoneos/ScreenshotActivityWidget.build/Objects-normal/arm64/ScreenshotActivityWidget.swiftmodule -o /tmp/task-module-after/release/Build/Products/Release-iphoneos/ScreenshotActivityWidget.appex/ScreenshotActivityWidget

MkDir /tmp/task-module-after/release/Build/Intermediates.noindex/PersonalAssistant.build/Release-iphoneos/PersonalAssistant.build/assetcatalog_output/thinned (in target 'PersonalAssistant' from project 'PersonalAssistant')
    cd /Users/lyu/Documents/CODE/personal-assistant/apps/iOS
    /bin/mkdir -p /tmp/task-module-after/release/Build/Intermediates.noindex/PersonalAssistant.build/Release-iphoneos/PersonalAssistant.build/assetcatalog_output/thinned

MkDir /tmp/task-module-after/release/Build/Intermediates.noindex/PersonalAssistant.build/Release-iphoneos/PersonalAssistant.build/assetcatalog_output/unthinned (in target 'PersonalAssistant' from project 'PersonalAssistant')
    cd /Users/lyu/Documents/CODE/personal-assistant/apps/iOS
    /bin/mkdir -p /tmp/task-module-after/release/Build/Intermediates.noindex/PersonalAssistant.build/Release-iphoneos/PersonalAssistant.build/assetcatalog_output/unthinned

GenerateAssetSymbols /Users/lyu/Documents/CODE/personal-assistant/apps/iOS/PersonalAssistant/Assets.xcassets (in target 'PersonalAssistant' from project 'PersonalAssistant')
    cd /Users/lyu/Documents/CODE/personal-assistant/apps/iOS
    /Applications/Xcode.app/Contents/Developer/usr/bin/actool /Users/lyu/Documents/CODE/personal-assistant/apps/iOS/PersonalAssistant/Assets.xcassets --compile /tmp/task-module-after/release/Build/Products/Release-iphoneos/PersonalAssistant.app --output-format human-readable-text --notices --warnings --export-dependency-info /tmp/task-module-after/release/Build/Intermediates.noindex/PersonalAssistant.build/Release-iphoneos/PersonalAssistant.build/assetcatalog_dependencies --output-partial-info-plist /tmp/task-module-after/release/Build/Intermediates.noindex/PersonalAssistant.build/Release-iphoneos/PersonalAssistant.build/assetcatalog_generated_info.plist --app-icon AppIcon --accent-color AccentColor --compress-pngs --enable-on-demand-resources YES --development-region en --target-device iphone --target-device ipad --minimum-deployment-target 27.0 --platform iphoneos --bundle-identifier personalassistant.lylab.vip.PersonalAssistant --generate-swift-asset-symbols /tmp/task-module-after/release/Build/Intermediates.noindex/PersonalAssistant.build/Release-iphoneos/PersonalAssistant.build/DerivedSources/GeneratedAssetSymbols.swift --generate-objc-asset-symbols /tmp/task-module-after/release/Build/Intermediates.noindex/PersonalAssistant.build/Release-iphoneos/PersonalAssistant.build/DerivedSources/GeneratedAssetSymbols.h --generate-asset-symbol-index /tmp/task-module-after/release/Build/Intermediates.noindex/PersonalAssistant.build/Release-iphoneos/PersonalAssistant.build/DerivedSources/GeneratedAssetSymbols-Index.plist
/* com.apple.actool.compilation-results */
/tmp/task-module-after/release/Build/Intermediates.noindex/PersonalAssistant.build/Release-iphoneos/PersonalAssistant.build/DerivedSources/GeneratedAssetSymbols-Index.plist
/tmp/task-module-after/release/Build/Intermediates.noindex/PersonalAssistant.build/Release-iphoneos/PersonalAssistant.build/DerivedSources/GeneratedAssetSymbols.h
/tmp/task-module-after/release/Build/Intermediates.noindex/PersonalAssistant.build/Release-iphoneos/PersonalAssistant.build/DerivedSources/GeneratedAssetSymbols.swift


CompileAssetCatalogVariant thinned /tmp/task-module-after/release/Build/Products/Release-iphoneos/PersonalAssistant.app /Users/lyu/Documents/CODE/personal-assistant/apps/iOS/PersonalAssistant/Assets.xcassets (in target 'PersonalAssistant' from project 'PersonalAssistant')
    cd /Users/lyu/Documents/CODE/personal-assistant/apps/iOS
    /Applications/Xcode.app/Contents/Developer/usr/bin/actool /Users/lyu/Documents/CODE/personal-assistant/apps/iOS/PersonalAssistant/Assets.xcassets --compile /tmp/task-module-after/release/Build/Intermediates.noindex/PersonalAssistant.build/Release-iphoneos/PersonalAssistant.build/assetcatalog_output/thinned --output-format human-readable-text --notices --warnings --export-dependency-info /tmp/task-module-after/release/Build/Intermediates.noindex/PersonalAssistant.build/Release-iphoneos/PersonalAssistant.build/assetcatalog_dependencies_thinned --output-partial-info-plist /tmp/task-module-after/release/Build/Intermediates.noindex/PersonalAssistant.build/Release-iphoneos/PersonalAssistant.build/assetcatalog_generated_info.plist_thinned --app-icon AppIcon --accent-color AccentColor --compress-pngs --enable-on-demand-resources YES --development-region en --target-device iphone --target-device ipad --minimum-deployment-target 27.0 --platform iphoneos
/* com.apple.actool.compilation-results */
/tmp/task-module-after/release/Build/Intermediates.noindex/PersonalAssistant.build/Release-iphoneos/PersonalAssistant.build/assetcatalog_generated_info.plist_thinned
/tmp/task-module-after/release/Build/Intermediates.noindex/PersonalAssistant.build/Release-iphoneos/PersonalAssistant.build/assetcatalog_output/thinned/AppIcon60x60@2x.png
/tmp/task-module-after/release/Build/Intermediates.noindex/PersonalAssistant.build/Release-iphoneos/PersonalAssistant.build/assetcatalog_output/thinned/AppIcon76x76@2x~ipad.png
/tmp/task-module-after/release/Build/Intermediates.noindex/PersonalAssistant.build/Release-iphoneos/PersonalAssistant.build/assetcatalog_output/thinned/Assets.car


SwiftDriver PersonalAssistant normal arm64 com.apple.xcode.tools.swift.compiler (in target 'PersonalAssistant' from project 'PersonalAssistant')
    cd /Users/lyu/Documents/CODE/personal-assistant/apps/iOS
    builtin-SwiftDriver -- /Applications/Xcode.app/Contents/Developer/Toolchains/XcodeDefault.xctoolchain/usr/bin/swiftc -module-name PersonalAssistant -O -whole-module-optimization @/tmp/task-module-after/release/Build/Intermediates.noindex/PersonalAssistant.build/Release-iphoneos/PersonalAssistant.build/Objects-normal/arm64/PersonalAssistant.SwiftFileList -default-isolation\=MainActor -enable-bare-slash-regex -enable-upcoming-feature DisableOutwardActorInference -enable-upcoming-feature InferSendableFromCaptures -enable-upcoming-feature GlobalActorIsolatedTypesUsability -enable-upcoming-feature MemberImportVisibility -enable-upcoming-feature InferIsolatedConformances -enable-upcoming-feature NonisolatedNonsendingByDefault -enable-experimental-feature DebugDescriptionMacro -sdk /Applications/Xcode.app/Contents/Developer/Platforms/iPhoneOS.platform/Developer/SDKs/iPhoneOS27.0.sdk -target arm64-apple-ios27.0 -g -module-cache-path /tmp/task-module-after/release/ModuleCache.noindex -Xfrontend -serialize-debugging-options -swift-version 5 -I /tmp/task-module-after/release/Build/Products/Release-iphoneos -F /tmp/task-module-after/release/Build/Products/Release-iphoneos -emit-localized-strings -emit-localized-strings-path /tmp/task-module-after/release/Build/Intermediates.noindex/PersonalAssistant.build/Release-iphoneos/PersonalAssistant.build/Objects-normal/arm64 -c -num-threads 12 -Xcc -ivfsstatcache -Xcc /tmp/task-module-after/release/SDKStatCaches.noindex/iphoneos27.0-24A430-e829b21a6f8c9b70876ba0858053c0446c78b3cbc238196c85e1bf6c792c5915.sdkstatcache -output-file-map /tmp/task-module-after/release/Build/Intermediates.noindex/PersonalAssistant.build/Release-iphoneos/PersonalAssistant.build/Objects-normal/arm64/PersonalAssistant-OutputFileMap.json -save-temps -no-color-diagnostics -explicit-module-build -module-cache-path /tmp/task-module-after/release/Build/Intermediates.noindex/SwiftExplicitPrecompiledModules -clang-scanner-module-cache-path /tmp/task-module-after/release/ModuleCache.noindex -sdk-module-cache-path /tmp/task-module-after/release/SDKExplicitPrecompiledModules -emit-dependencies -emit-module -emit-module-path /tmp/task-module-after/release/Build/Intermediates.noindex/PersonalAssistant.build/Release-iphoneos/PersonalAssistant.build/Objects-normal/arm64/PersonalAssistant.swiftmodule -serialize-diagnostics -dependency-scan-serialize-diagnostics-path /tmp/task-module-after/release/Build/Intermediates.noindex/PersonalAssistant.build/Release-iphoneos/PersonalAssistant.build/Objects-normal/arm64/PersonalAssistant-dependency-scan.dia -validate-clang-modules-once -clang-build-session-file /tmp/task-module-after/release/ModuleCache.noindex/Session.modulevalidation -Xcc -fmodules-prune-interval\=86400 -Xcc -fmodules-prune-after\=345600 -emit-const-values -const-gather-protocols-list /tmp/task-module-after/release/Build/Intermediates.noindex/PersonalAssistant.build/Release-iphoneos/PersonalAssistant.build/Objects-normal/arm64/PersonalAssistant_const_extract_protocols.json -Xcc -iquote -Xcc /tmp/task-module-after/release/Build/Intermediates.noindex/PersonalAssistant.build/Release-iphoneos/PersonalAssistant.build/PersonalAssistant-generated-files.hmap -Xcc -I/tmp/task-module-after/release/Build/Intermediates.noindex/PersonalAssistant.build/Release-iphoneos/PersonalAssistant.build/PersonalAssistant-own-target-headers.hmap -Xcc -I/tmp/task-module-after/release/Build/Intermediates.noindex/PersonalAssistant.build/Release-iphoneos/PersonalAssistant.build/PersonalAssistant-all-target-headers.hmap -Xcc -iquote -Xcc /tmp/task-module-after/release/Build/Intermediates.noindex/PersonalAssistant.build/Release-iphoneos/PersonalAssistant.build/PersonalAssistant-project-headers.hmap -Xcc -I/tmp/task-module-after/release/Build/Products/Release-iphoneos/include -Xcc -I/tmp/task-module-after/release/Build/Intermediates.noindex/PersonalAssistant.build/Release-iphoneos/PersonalAssistant.build/DerivedSources-normal/arm64 -Xcc -I/tmp/task-module-after/release/Build/Intermediates.noindex/PersonalAssistant.build/Release-iphoneos/PersonalAssistant.build/DerivedSources/arm64 -Xcc -I/tmp/task-module-after/release/Build/Intermediates.noindex/PersonalAssistant.build/Release-iphoneos/PersonalAssistant.build/DerivedSources -emit-objc-header -emit-objc-header-path /tmp/task-module-after/release/Build/Intermediates.noindex/PersonalAssistant.build/Release-iphoneos/PersonalAssistant.build/Objects-normal/arm64/PersonalAssistant-Swift.h -working-directory /Users/lyu/Documents/CODE/personal-assistant/apps/iOS -no-emit-module-separately-wmo

ExtractAppIntentsMetadata (in target 'ScreenshotActivityWidget' from project 'PersonalAssistant')
    cd /Users/lyu/Documents/CODE/personal-assistant/apps/iOS
    /Applications/Xcode.app/Contents/Developer/Toolchains/XcodeDefault.xctoolchain/usr/bin/appintentsmetadataprocessor --toolchain-dir /var/run/com.apple.security.cryptexd/mnt/com.apple.MobileAsset.MetalToolchain-v27.1.266.1.3tJoJ0/Metal.xctoolchain --module-name ScreenshotActivityWidget --sdk-root /Applications/Xcode.app/Contents/Developer/Platforms/iPhoneOS.platform/Developer/SDKs/iPhoneOS27.0.sdk --xcode-version 27A266a --platform-family iOS --deployment-target 27.0 --bundle-identifier personalassistant.lylab.vip.PersonalAssistant.ScreenshotActivityWidget --output /tmp/task-module-after/release/Build/Products/Release-iphoneos/ScreenshotActivityWidget.appex --target-triple arm64-apple-ios27.0 --binary-file /tmp/task-module-after/release/Build/Products/Release-iphoneos/ScreenshotActivityWidget.appex/ScreenshotActivityWidget --dependency-file /tmp/task-module-after/release/Build/Intermediates.noindex/PersonalAssistant.build/Release-iphoneos/ScreenshotActivityWidget.build/Objects-normal/arm64/ScreenshotActivityWidget_dependency_info.dat --stringsdata-file /tmp/task-module-after/release/Build/Intermediates.noindex/PersonalAssistant.build/Release-iphoneos/ScreenshotActivityWidget.build/Objects-normal/arm64/ExtractedAppShortcutsMetadata.stringsdata --source-file-list /tmp/task-module-after/release/Build/Intermediates.noindex/PersonalAssistant.build/Release-iphoneos/ScreenshotActivityWidget.build/Objects-normal/arm64/ScreenshotActivityWidget.SwiftFileList --metadata-file-list /tmp/task-module-after/release/Build/Intermediates.noindex/PersonalAssistant.build/Release-iphoneos/ScreenshotActivityWidget.build/ScreenshotActivityWidget.DependencyMetadataFileList --static-metadata-file-list /tmp/task-module-after/release/Build/Intermediates.noindex/PersonalAssistant.build/Release-iphoneos/ScreenshotActivityWidget.build/ScreenshotActivityWidget.DependencyStaticMetadataFileList --swift-const-vals-list /tmp/task-module-after/release/Build/Intermediates.noindex/PersonalAssistant.build/Release-iphoneos/ScreenshotActivityWidget.build/Objects-normal/arm64/ScreenshotActivityWidget.SwiftConstValuesFileList --compile-time-extraction --deployment-aware-processing --no-app-shortcuts-localization
2026-10-04 22:16:45.954 appintentsmetadataprocessor[18616:330933] Starting appintentsmetadataprocessor export
2026-10-04 22:16:46.001 appintentsmetadataprocessor[18616:330933] Extracted no relevant App Intents symbols, skipping writing output

GenerateDSYMFile /tmp/task-module-after/release/Build/Products/Release-iphoneos/ScreenshotActivityWidget.appex.dSYM /tmp/task-module-after/release/Build/Products/Release-iphoneos/ScreenshotActivityWidget.appex/ScreenshotActivityWidget (in target 'ScreenshotActivityWidget' from project 'PersonalAssistant')
    cd /Users/lyu/Documents/CODE/personal-assistant/apps/iOS
    export PATH\=/Applications/Xcode.app/Contents/SharedFrameworks/SwiftBuild.framework/Versions/A/PlugIns/SWBBuildService.bundle/Contents/PlugIns/SWBUniversalPlatformPlugin.bundle/Contents/Frameworks/SWBUniversalPlatform.framework/Resources:/var/run/com.apple.security.cryptexd/mnt/com.apple.MobileAsset.MetalToolchain-v27.1.266.1.3tJoJ0/Metal.xctoolchain/usr/bin:/var/run/com.apple.security.cryptexd/mnt/com.apple.MobileAsset.MetalToolchain-v27.1.266.1.3tJoJ0/Metal.xctoolchain/usr/local/bin:/var/run/com.apple.security.cryptexd/mnt/com.apple.MobileAsset.MetalToolchain-v27.1.266.1.3tJoJ0/Metal.xctoolchain/usr/libexec:/Applications/Xcode.app/Contents/Developer/Toolchains/XcodeDefault.xctoolchain/usr/bin:/Applications/Xcode.app/Contents/Developer/Toolchains/XcodeDefault.xctoolchain/usr/local/bin:/Applications/Xcode.app/Contents/Developer/Toolchains/XcodeDefault.xctoolchain/usr/libexec:/Applications/Xcode.app/Contents/Developer/Platforms/iPhoneOS.platform/usr/bin:/Applications/Xcode.app/Contents/Developer/Platforms/iPhoneOS.platform/usr/local/bin:/Applications/Xcode.app/Contents/Developer/Platforms/iPhoneOS.platform/Developer/usr/bin:/Applications/Xcode.app/Contents/Developer/Platforms/iPhoneOS.platform/Developer/usr/local/bin:/Applications/Xcode.app/Contents/Developer/usr/bin:/Applications/Xcode.app/Contents/Developer/usr/local/bin:/Applications/ChatGPT.app/Contents/Resources/codex-cli/codex-path:/Users/lyu/.local/share/mise/installs/go/1.27.1/bin:/Users/lyu/.local/share/mise/shims:/opt/homebrew/bin:/opt/homebrew/sbin:/usr/local/bin:/System/Cryptexes/App/usr/bin:/usr/bin:/bin:/usr/sbin:/sbin:/var/run/com.apple.security.cryptexd/codex.system/bootstrap/usr/local/bin:/var/run/com.apple.security.cryptexd/codex.system/bootstrap/usr/bin:/var/run/com.apple.security.cryptexd/codex.system/bootstrap/usr/appleinternal/bin:/pkg/env/global/bin:/Library/Apple/usr/bin:/Users/lyu/.docker/bin:/Users/lyu/.codex/tmp/arg0/codex-arg0GSP25s:/Users/lyu/.cache/codex-runtimes/codex-primary-runtime/dependencies/bin/override:/Users/lyu/.cache/codex-runtimes/codex-primary-runtime/dependencies/bin/fallback:/Applications/ChatGPT.app/Contents/Resources:/Applications/ChatGPT.app/Contents/Resources/codex-cli/CodexCLI.app/Contents/MacOS
    /Applications/Xcode.app/Contents/Developer/Toolchains/XcodeDefault.xctoolchain/usr/bin/dsymutil /tmp/task-module-after/release/Build/Products/Release-iphoneos/ScreenshotActivityWidget.appex/ScreenshotActivityWidget -o /tmp/task-module-after/release/Build/Products/Release-iphoneos/ScreenshotActivityWidget.appex.dSYM

AppIntentsSSUTraining (in target 'ScreenshotActivityWidget' from project 'PersonalAssistant')
    cd /Users/lyu/Documents/CODE/personal-assistant/apps/iOS
    /Applications/Xcode.app/Contents/Developer/Toolchains/XcodeDefault.xctoolchain/usr/bin/appintentsnltrainingprocessor --infoplist-path /tmp/task-module-after/release/Build/Products/Release-iphoneos/ScreenshotActivityWidget.appex/Info.plist --temp-dir-path /tmp/task-module-after/release/Build/Intermediates.noindex/PersonalAssistant.build/Release-iphoneos/ScreenshotActivityWidget.build/ssu --bundle-id personalassistant.lylab.vip.PersonalAssistant.ScreenshotActivityWidget --product-path /tmp/task-module-after/release/Build/Products/Release-iphoneos/ScreenshotActivityWidget.appex --extracted-metadata-path /tmp/task-module-after/release/Build/Products/Release-iphoneos/ScreenshotActivityWidget.appex/Metadata.appintents --metadata-file-list /tmp/task-module-after/release/Build/Intermediates.noindex/PersonalAssistant.build/Release-iphoneos/ScreenshotActivityWidget.build/ScreenshotActivityWidget.DependencyMetadataFileList --source-file /tmp/task-module-after/release/Build/Products/Release-iphoneos/ScreenshotActivityWidget.appex/Info.plist --archive-ssu-assets
2026-10-04 22:16:46.034 appintentsnltrainingprocessor[18619:330958] Parsing options for appintentsnltrainingprocessor
2026-10-04 22:16:46.036 appintentsnltrainingprocessor[18619:330958] Starting AppIntents SSU YAML Generation
2026-10-04 22:16:46.036 appintentsnltrainingprocessor[18619:330958] No AppShortcuts found - Skipping.

RegisterExecutionPolicyException /tmp/task-module-after/release/Build/Products/Release-iphoneos/ScreenshotActivityWidget.appex (in target 'ScreenshotActivityWidget' from project 'PersonalAssistant')
    cd /Users/lyu/Documents/CODE/personal-assistant/apps/iOS
    builtin-RegisterExecutionPolicyException /tmp/task-module-after/release/Build/Products/Release-iphoneos/ScreenshotActivityWidget.appex

Touch /tmp/task-module-after/release/Build/Products/Release-iphoneos/ScreenshotActivityWidget.appex (in target 'ScreenshotActivityWidget' from project 'PersonalAssistant')
    cd /Users/lyu/Documents/CODE/personal-assistant/apps/iOS
    /usr/bin/touch -c /tmp/task-module-after/release/Build/Products/Release-iphoneos/ScreenshotActivityWidget.appex

CpResource /tmp/task-module-after/release/Build/Products/Release-iphoneos/PersonalAssistant.app/图片记账.shortcut /Users/lyu/Documents/CODE/personal-assistant/apps/iOS/PersonalAssistant/Resources/图片记账.shortcut (in target 'PersonalAssistant' from project 'PersonalAssistant')
    cd /Users/lyu/Documents/CODE/personal-assistant/apps/iOS
    builtin-copy -exclude .DS_Store -exclude CVS -exclude .svn -exclude .git -exclude .hg -resolve-src-symlinks /Users/lyu/Documents/CODE/personal-assistant/apps/iOS/PersonalAssistant/Resources/图片记账.shortcut /tmp/task-module-after/release/Build/Products/Release-iphoneos/PersonalAssistant.app

CpResource /tmp/task-module-after/release/Build/Products/Release-iphoneos/PersonalAssistant.app/LoanAdjustmentUIPreview.json /Users/lyu/Documents/CODE/personal-assistant/apps/iOS/PersonalAssistant/Resources/LoanAdjustmentUIPreview.json (in target 'PersonalAssistant' from project 'PersonalAssistant')
    cd /Users/lyu/Documents/CODE/personal-assistant/apps/iOS
    builtin-copy -exclude .DS_Store -exclude CVS -exclude .svn -exclude .git -exclude .hg -resolve-src-symlinks /Users/lyu/Documents/CODE/personal-assistant/apps/iOS/PersonalAssistant/Resources/LoanAdjustmentUIPreview.json /tmp/task-module-after/release/Build/Products/Release-iphoneos/PersonalAssistant.app

CpResource /tmp/task-module-after/release/Build/Products/Release-iphoneos/PersonalAssistant.app/CardArtCMBPikachu.jpg /Users/lyu/Documents/CODE/personal-assistant/apps/iOS/PersonalAssistant/Resources/CardArtCMBPikachu.jpg (in target 'PersonalAssistant' from project 'PersonalAssistant')
    cd /Users/lyu/Documents/CODE/personal-assistant/apps/iOS
    builtin-copy -exclude .DS_Store -exclude CVS -exclude .svn -exclude .git -exclude .hg -resolve-src-symlinks /Users/lyu/Documents/CODE/personal-assistant/apps/iOS/PersonalAssistant/Resources/CardArtCMBPikachu.jpg /tmp/task-module-after/release/Build/Products/Release-iphoneos/PersonalAssistant.app

CpResource /tmp/task-module-after/release/Build/Products/Release-iphoneos/PersonalAssistant.app/CardArtCMBAmex.jpg /Users/lyu/Documents/CODE/personal-assistant/apps/iOS/PersonalAssistant/Resources/CardArtCMBAmex.jpg (in target 'PersonalAssistant' from project 'PersonalAssistant')
    cd /Users/lyu/Documents/CODE/personal-assistant/apps/iOS
    builtin-copy -exclude .DS_Store -exclude CVS -exclude .svn -exclude .git -exclude .hg -resolve-src-symlinks /Users/lyu/Documents/CODE/personal-assistant/apps/iOS/PersonalAssistant/Resources/CardArtCMBAmex.jpg /tmp/task-module-after/release/Build/Products/Release-iphoneos/PersonalAssistant.app

CpResource /tmp/task-module-after/release/Build/Products/Release-iphoneos/PersonalAssistant.app/LoanUIPreview.json /Users/lyu/Documents/CODE/personal-assistant/apps/iOS/PersonalAssistant/Resources/LoanUIPreview.json (in target 'PersonalAssistant' from project 'PersonalAssistant')
    cd /Users/lyu/Documents/CODE/personal-assistant/apps/iOS
    builtin-copy -exclude .DS_Store -exclude CVS -exclude .svn -exclude .git -exclude .hg -resolve-src-symlinks /Users/lyu/Documents/CODE/personal-assistant/apps/iOS/PersonalAssistant/Resources/LoanUIPreview.json /tmp/task-module-after/release/Build/Products/Release-iphoneos/PersonalAssistant.app

CpResource /tmp/task-module-after/release/Build/Products/Release-iphoneos/PersonalAssistant.app/AccountKinds.json /Users/lyu/Documents/CODE/personal-assistant/apps/iOS/PersonalAssistant/Resources/AccountKinds.json (in target 'PersonalAssistant' from project 'PersonalAssistant')
    cd /Users/lyu/Documents/CODE/personal-assistant/apps/iOS
    builtin-copy -exclude .DS_Store -exclude CVS -exclude .svn -exclude .git -exclude .hg -resolve-src-symlinks /Users/lyu/Documents/CODE/personal-assistant/apps/iOS/PersonalAssistant/Resources/AccountKinds.json /tmp/task-module-after/release/Build/Products/Release-iphoneos/PersonalAssistant.app

CopyPNGFile /tmp/task-module-after/release/Build/Products/Release-iphoneos/PersonalAssistant.app/CardArtCMBVisa.png /Users/lyu/Documents/CODE/personal-assistant/apps/iOS/PersonalAssistant/Resources/CardArtCMBVisa.png (in target 'PersonalAssistant' from project 'PersonalAssistant')
    cd /Users/lyu/Documents/CODE/personal-assistant/apps/iOS
    /Applications/Xcode.app/Contents/Developer/usr/bin/copypng -compress -strip-PNG-text /Users/lyu/Documents/CODE/personal-assistant/apps/iOS/PersonalAssistant/Resources/CardArtCMBVisa.png /tmp/task-module-after/release/Build/Products/Release-iphoneos/PersonalAssistant.app/CardArtCMBVisa.png

CopyPNGFile /tmp/task-module-after/release/Build/Products/Release-iphoneos/PersonalAssistant.app/CardArtCMBMiku.png /Users/lyu/Documents/CODE/personal-assistant/apps/iOS/PersonalAssistant/Resources/CardArtCMBMiku.png (in target 'PersonalAssistant' from project 'PersonalAssistant')
    cd /Users/lyu/Documents/CODE/personal-assistant/apps/iOS
    /Applications/Xcode.app/Contents/Developer/usr/bin/copypng -compress -strip-PNG-text /Users/lyu/Documents/CODE/personal-assistant/apps/iOS/PersonalAssistant/Resources/CardArtCMBMiku.png /tmp/task-module-after/release/Build/Products/Release-iphoneos/PersonalAssistant.app/CardArtCMBMiku.png

CpResource /tmp/task-module-after/release/Build/Products/Release-iphoneos/PersonalAssistant.app/AccountProviders.json /Users/lyu/Documents/CODE/personal-assistant/apps/iOS/PersonalAssistant/Resources/AccountProviders.json (in target 'PersonalAssistant' from project 'PersonalAssistant')
    cd /Users/lyu/Documents/CODE/personal-assistant/apps/iOS
    builtin-copy -exclude .DS_Store -exclude CVS -exclude .svn -exclude .git -exclude .hg -resolve-src-symlinks /Users/lyu/Documents/CODE/personal-assistant/apps/iOS/PersonalAssistant/Resources/AccountProviders.json /tmp/task-module-after/release/Build/Products/Release-iphoneos/PersonalAssistant.app

SwiftDriver\ Compilation PersonalAssistant normal arm64 com.apple.xcode.tools.swift.compiler (in target 'PersonalAssistant' from project 'PersonalAssistant')
    cd /Users/lyu/Documents/CODE/personal-assistant/apps/iOS
    builtin-Swift-Compilation -- /Applications/Xcode.app/Contents/Developer/Toolchains/XcodeDefault.xctoolchain/usr/bin/swiftc -module-name PersonalAssistant -O -whole-module-optimization @/tmp/task-module-after/release/Build/Intermediates.noindex/PersonalAssistant.build/Release-iphoneos/PersonalAssistant.build/Objects-normal/arm64/PersonalAssistant.SwiftFileList -default-isolation\=MainActor -enable-bare-slash-regex -enable-upcoming-feature DisableOutwardActorInference -enable-upcoming-feature InferSendableFromCaptures -enable-upcoming-feature GlobalActorIsolatedTypesUsability -enable-upcoming-feature MemberImportVisibility -enable-upcoming-feature InferIsolatedConformances -enable-upcoming-feature NonisolatedNonsendingByDefault -enable-experimental-feature DebugDescriptionMacro -sdk /Applications/Xcode.app/Contents/Developer/Platforms/iPhoneOS.platform/Developer/SDKs/iPhoneOS27.0.sdk -target arm64-apple-ios27.0 -g -module-cache-path /tmp/task-module-after/release/ModuleCache.noindex -Xfrontend -serialize-debugging-options -swift-version 5 -I /tmp/task-module-after/release/Build/Products/Release-iphoneos -F /tmp/task-module-after/release/Build/Products/Release-iphoneos -emit-localized-strings -emit-localized-strings-path /tmp/task-module-after/release/Build/Intermediates.noindex/PersonalAssistant.build/Release-iphoneos/PersonalAssistant.build/Objects-normal/arm64 -c -num-threads 12 -Xcc -ivfsstatcache -Xcc /tmp/task-module-after/release/SDKStatCaches.noindex/iphoneos27.0-24A430-e829b21a6f8c9b70876ba0858053c0446c78b3cbc238196c85e1bf6c792c5915.sdkstatcache -output-file-map /tmp/task-module-after/release/Build/Intermediates.noindex/PersonalAssistant.build/Release-iphoneos/PersonalAssistant.build/Objects-normal/arm64/PersonalAssistant-OutputFileMap.json -save-temps -no-color-diagnostics -explicit-module-build -module-cache-path /tmp/task-module-after/release/Build/Intermediates.noindex/SwiftExplicitPrecompiledModules -clang-scanner-module-cache-path /tmp/task-module-after/release/ModuleCache.noindex -sdk-module-cache-path /tmp/task-module-after/release/SDKExplicitPrecompiledModules -emit-dependencies -emit-module -emit-module-path /tmp/task-module-after/release/Build/Intermediates.noindex/PersonalAssistant.build/Release-iphoneos/PersonalAssistant.build/Objects-normal/arm64/PersonalAssistant.swiftmodule -serialize-diagnostics -dependency-scan-serialize-diagnostics-path /tmp/task-module-after/release/Build/Intermediates.noindex/PersonalAssistant.build/Release-iphoneos/PersonalAssistant.build/Objects-normal/arm64/PersonalAssistant-dependency-scan.dia -validate-clang-modules-once -clang-build-session-file /tmp/task-module-after/release/ModuleCache.noindex/Session.modulevalidation -Xcc -fmodules-prune-interval\=86400 -Xcc -fmodules-prune-after\=345600 -emit-const-values -const-gather-protocols-list /tmp/task-module-after/release/Build/Intermediates.noindex/PersonalAssistant.build/Release-iphoneos/PersonalAssistant.build/Objects-normal/arm64/PersonalAssistant_const_extract_protocols.json -Xcc -iquote -Xcc /tmp/task-module-after/release/Build/Intermediates.noindex/PersonalAssistant.build/Release-iphoneos/PersonalAssistant.build/PersonalAssistant-generated-files.hmap -Xcc -I/tmp/task-module-after/release/Build/Intermediates.noindex/PersonalAssistant.build/Release-iphoneos/PersonalAssistant.build/PersonalAssistant-own-target-headers.hmap -Xcc -I/tmp/task-module-after/release/Build/Intermediates.noindex/PersonalAssistant.build/Release-iphoneos/PersonalAssistant.build/PersonalAssistant-all-target-headers.hmap -Xcc -iquote -Xcc /tmp/task-module-after/release/Build/Intermediates.noindex/PersonalAssistant.build/Release-iphoneos/PersonalAssistant.build/PersonalAssistant-project-headers.hmap -Xcc -I/tmp/task-module-after/release/Build/Products/Release-iphoneos/include -Xcc -I/tmp/task-module-after/release/Build/Intermediates.noindex/PersonalAssistant.build/Release-iphoneos/PersonalAssistant.build/DerivedSources-normal/arm64 -Xcc -I/tmp/task-module-after/release/Build/Intermediates.noindex/PersonalAssistant.build/Release-iphoneos/PersonalAssistant.build/DerivedSources/arm64 -Xcc -I/tmp/task-module-after/release/Build/Intermediates.noindex/PersonalAssistant.build/Release-iphoneos/PersonalAssistant.build/DerivedSources -emit-objc-header -emit-objc-header-path /tmp/task-module-after/release/Build/Intermediates.noindex/PersonalAssistant.build/Release-iphoneos/PersonalAssistant.build/Objects-normal/arm64/PersonalAssistant-Swift.h -working-directory /Users/lyu/Documents/CODE/personal-assistant/apps/iOS -no-emit-module-separately-wmo

SwiftExplicitDependencyGeneratePcm arm64 /tmp/task-module-after/release/SDKExplicitPrecompiledModules/_AvailabilityInternal-E3V3CBKWI75EZI6Q4ZPJ8W9S7.pcm

SwiftExplicitDependencyGeneratePcm arm64 /tmp/task-module-after/release/SDKExplicitPrecompiledModules/_SwiftConcurrencyShims-71PPSB0UVJ06U4QYS2IRS7QZY.pcm

SwiftExplicitDependencyGeneratePcm arm64 /tmp/task-module-after/release/SDKExplicitPrecompiledModules/DeveloperToolsSupport-DWRTF5RLH5Y4XCRBY5IDUUT3U.pcm

SwiftExplicitDependencyGeneratePcm arm64 /tmp/task-module-after/release/SDKExplicitPrecompiledModules/ptrcheck-F4Z4KB765W0EYZ0OPBVXX01ZN.pcm

SwiftExplicitDependencyGeneratePcm arm64 /tmp/task-module-after/release/SDKExplicitPrecompiledModules/_Builtin_float-1E3Y2QLBY81N0JQJI2JL8MUMM.pcm

SwiftExplicitDependencyGeneratePcm arm64 /tmp/task-module-after/release/SDKExplicitPrecompiledModules/ActivityKit-9CWOK7EQKONTZG11GLRFYZQMQ.pcm

SwiftExplicitDependencyGeneratePcm arm64 /tmp/task-module-after/release/SDKExplicitPrecompiledModules/_Builtin_stdarg-4Y2EWT0H9DPNPYCG2I6MCTUO2.pcm

SwiftExplicitDependencyGeneratePcm arm64 /tmp/task-module-after/release/SDKExplicitPrecompiledModules/SwiftShims-CUV6TWK7PVGCWLJYH1A8HS79O.pcm

SwiftExplicitDependencyGeneratePcm arm64 /tmp/task-module-after/release/SDKExplicitPrecompiledModules/ptrauth-17TJD4A2B6A5LI2UJXZFSXXU0.pcm

SwiftExplicitDependencyGeneratePcm arm64 /tmp/task-module-after/release/SDKExplicitPrecompiledModules/_Builtin_stdbool-DX8VTX123XXC6Y4OHFBHB23ET.pcm

SwiftExplicitDependencyGeneratePcm arm64 /tmp/task-module-after/release/SDKExplicitPrecompiledModules/_Builtin_stddef-DUOG6YB5KCKIRECQQVPBLIUDU.pcm

SwiftExplicitDependencyGeneratePcm arm64 /tmp/task-module-after/release/SDKExplicitPrecompiledModules/_DarwinFoundation1-4S6XODWLN0FMIX3V5US8JNXWL.pcm

SwiftExplicitDependencyGeneratePcm arm64 /tmp/task-module-after/release/SDKExplicitPrecompiledModules/SQLite3-ANWAUP0W10EM06S2QNFK3UEJI.pcm

SwiftExplicitDependencyGeneratePcm arm64 /tmp/task-module-after/release/SDKExplicitPrecompiledModules/_DarwinFoundation2-73GWRJBG11IAYT47VLU3T81O1.pcm

SwiftExplicitDependencyGeneratePcm arm64 /tmp/task-module-after/release/SDKExplicitPrecompiledModules/_Builtin_limits-5SNLZNT98082YFZITKM2R3UN6.pcm

SwiftExplicitDependencyGeneratePcm arm64 /tmp/task-module-after/release/SDKExplicitPrecompiledModules/ExtensionFoundation-DAXLI92GQBAS652NC793XYMKV.pcm

SwiftExplicitDependencyGeneratePcm arm64 /tmp/task-module-after/release/SDKExplicitPrecompiledModules/sys_types-CUI3JUZ35YJ5QBFAH9TCKD6XQ.pcm

SwiftExplicitDependencyGeneratePcm arm64 /tmp/task-module-after/release/SDKExplicitPrecompiledModules/string_h-679ENZKKA2UGLH1B5OR95OET5.pcm

SwiftExplicitDependencyGeneratePcm arm64 /tmp/task-module-after/release/SDKExplicitPrecompiledModules/_Builtin_tgmath-3N4DDZ5EKFLVD6725SDZN4F5F.pcm

SwiftExplicitDependencyGeneratePcm arm64 /tmp/task-module-after/release/SDKExplicitPrecompiledModules/_Builtin_stdint-6CUB47K6G4VXZOQNRP4F05QSD.pcm

SwiftExplicitDependencyGeneratePcm arm64 /tmp/task-module-after/release/SDKExplicitPrecompiledModules/_Builtin_intrinsics-EUT2C2REC2TP36K0CBF5JXLZU.pcm

SwiftExplicitDependencyGeneratePcm arm64 /tmp/task-module-after/release/SDKExplicitPrecompiledModules/_DarwinFoundation3-6WUUKNIQ80ADOJFLGS6UTR2RB.pcm

SwiftExplicitDependencyGeneratePcm arm64 /tmp/task-module-after/release/SDKExplicitPrecompiledModules/_Builtin_stdatomic-9D4Z8D3MENRCJB688LAMFE70Q.pcm

SwiftExplicitDependencyGeneratePcm arm64 /tmp/task-module-after/release/SDKExplicitPrecompiledModules/_Builtin_inttypes-744CTFJX9KTSSCC5DZ6V0STS.pcm

SwiftExplicitDependencyGeneratePcm arm64 /tmp/task-module-after/release/SDKExplicitPrecompiledModules/Darwin-VVKAQUW2X4SNVAFBJP6GOI70.pcm

SwiftExplicitDependencyGeneratePcm arm64 /tmp/task-module-after/release/SDKExplicitPrecompiledModules/simd-BTINKTNH821VQLK7Z1DORE4WZ.pcm

SwiftExplicitDependencyGeneratePcm arm64 /tmp/task-module-after/release/SDKExplicitPrecompiledModules/MachO-8XAP5S5Q1GFD7GP61SQLVG8SI.pcm

SwiftExplicitDependencyGeneratePcm arm64 /tmp/task-module-after/release/SDKExplicitPrecompiledModules/ObjectiveC-C08COSFUE8UDCY2ATWDQ9FLJV.pcm

SwiftExplicitDependencyGeneratePcm arm64 /tmp/task-module-after/release/SDKExplicitPrecompiledModules/os_object-2Y6NA6LC5SA1I11OZJH8X8Z38.pcm

SwiftExplicitDependencyGeneratePcm arm64 /tmp/task-module-after/release/SDKExplicitPrecompiledModules/os_workgroup-3NHD6CX64BGKSFN7CX8JS6K5O.pcm

SwiftExplicitDependencyGeneratePcm arm64 /tmp/task-module-after/release/SDKExplicitPrecompiledModules/Spatial-E207Y1DE6GGH6KSGQQ3RRM2R2.pcm

SwiftExplicitDependencyGeneratePcm arm64 /tmp/task-module-after/release/SDKExplicitPrecompiledModules/Dispatch-ELNBA5XUWWKO0P4UZUWHERX3B.pcm

SwiftExplicitDependencyGeneratePcm arm64 /tmp/task-module-after/release/SDKExplicitPrecompiledModules/XPC-EG7C18QM3SVSFOE9XCG1I1E8U.pcm

SwiftExplicitDependencyGeneratePcm arm64 /tmp/task-module-after/release/SDKExplicitPrecompiledModules/dnssd-68LYLUWJK9HHJK4RODDBOLDB.pcm

SwiftExplicitDependencyGeneratePcm arm64 /tmp/task-module-after/release/SDKExplicitPrecompiledModules/CoreFoundation-6IEAOCSTBIH4WCSKTPRT2ITL8.pcm

SwiftExplicitDependencyGeneratePcm arm64 /tmp/task-module-after/release/SDKExplicitPrecompiledModules/os-2NKPA3YA2JYT7K5YCFIEFA98M.pcm

SwiftExplicitDependencyGeneratePcm arm64 /tmp/task-module-after/release/SDKExplicitPrecompiledModules/CoreAudioTypes-2RQWYHY5W632YN6KYW9JRF9CQ.pcm

SwiftExplicitDependencyGeneratePcm arm64 /tmp/task-module-after/release/SDKExplicitPrecompiledModules/CFNetwork-61F9SLZLKMVQIX5SU61SHBXFN.pcm

SwiftExplicitDependencyGeneratePcm arm64 /tmp/task-module-after/release/SDKExplicitPrecompiledModules/Security-ACSM8T3F6VPS1US1NA90KA8VX.pcm

SwiftExplicitDependencyGeneratePcm arm64 /tmp/task-module-after/release/SDKExplicitPrecompiledModules/CoreGraphics-APW61VMJT9ELX12MHCIHYAWKU.pcm

SwiftExplicitDependencyGeneratePcm arm64 /tmp/task-module-after/release/SDKExplicitPrecompiledModules/CoreAudio-CZA905QKZ7V159MJIGQ43VZ84.pcm

SwiftExplicitDependencyGeneratePcm arm64 /tmp/task-module-after/release/SDKExplicitPrecompiledModules/Foundation-6YPLWVDMBEDPFCPZD31TCN42.pcm

SwiftExplicitDependencyGeneratePcm arm64 /tmp/task-module-after/release/SDKExplicitPrecompiledModules/CoreText-4THPTO0W94L5PIQ2FPB0DE48Y.pcm

SwiftExplicitDependencyGeneratePcm arm64 /tmp/task-module-after/release/SDKExplicitPrecompiledModules/ImageIO-7D5P2298P758C3JVXPCKGLZRU.pcm

SwiftExplicitDependencyGeneratePcm arm64 /tmp/task-module-after/release/SDKExplicitPrecompiledModules/LocalAuthentication-A703J2DPN8Q4N58VD7OFAPQXG.pcm

SwiftExplicitDependencyGeneratePcm arm64 /tmp/task-module-after/release/SDKExplicitPrecompiledModules/CoreTransferable-EGBFIXMEWX5XSOEJ4M2VXENDE.pcm

SwiftExplicitDependencyGeneratePcm arm64 /tmp/task-module-after/release/SDKExplicitPrecompiledModules/CoreData-6N6QFBM92YH97FSTTM5KKXUPR.pcm

SwiftExplicitDependencyGeneratePcm arm64 /tmp/task-module-after/release/SDKExplicitPrecompiledModules/AppIntentsTypeSupport-57SUMQTLBDQKC7X90JY46KI85.pcm

SwiftExplicitDependencyGeneratePcm arm64 /tmp/task-module-after/release/SDKExplicitPrecompiledModules/_LocationEssentials-3V284HTRMG0KZ8O84IKLBIMJP.pcm

SwiftExplicitDependencyGeneratePcm arm64 /tmp/task-module-after/release/SDKExplicitPrecompiledModules/RelevanceKit-1FETTBZ24TS73DTA41V8BHYGC.pcm

SwiftExplicitDependencyGeneratePcm arm64 /tmp/task-module-after/release/SDKExplicitPrecompiledModules/Symbols-7SB6EL7ZDFALTT4TN6LVBO5XG.pcm

SwiftExplicitDependencyGeneratePcm arm64 /tmp/task-module-after/release/SDKExplicitPrecompiledModules/AppIntents-5V5D0VBOLG5RLV8IXE9OILTYN.pcm

SwiftExplicitDependencyGeneratePcm arm64 /tmp/task-module-after/release/SDKExplicitPrecompiledModules/UniformTypeIdentifiers-73D98V1D0YV6PRA90SZ33FDQM.pcm

SwiftExplicitDependencyGeneratePcm arm64 /tmp/task-module-after/release/SDKExplicitPrecompiledModules/UIUtilities-G1R07I6V06FYTDCUQS22H4WF.pcm

SwiftExplicitDependencyGeneratePcm arm64 /tmp/task-module-after/release/SDKExplicitPrecompiledModules/IOSurface-7S4A96XRV574CIG64OI00JAQH.pcm

SwiftExplicitDependencyGeneratePcm arm64 /tmp/task-module-after/release/SDKExplicitPrecompiledModules/UserNotifications-E9IJGGKRVUMC260V2TTCXH1A3.pcm

SwiftExplicitDependencyGeneratePcm arm64 /tmp/task-module-after/release/SDKExplicitPrecompiledModules/CoreMIDI-4S1YXR6OJW8YA1LK3L3HRX9DQ.pcm

SwiftExplicitDependencyGeneratePcm arm64 /tmp/task-module-after/release/SDKExplicitPrecompiledModules/OSLog-8FTJMXBMGE6GJ1ERO5879GL9W.pcm

SwiftExplicitDependencyGeneratePcm arm64 /tmp/task-module-after/release/SDKExplicitPrecompiledModules/CoreLocation-CRYB30SX5QR6YQQ25RA388PWC.pcm

SwiftExplicitDependencyGeneratePcm arm64 /tmp/task-module-after/release/SDKExplicitPrecompiledModules/Network-5MA0V8NYK5OCWFQAG8VDOA2KL.pcm

SwiftExplicitDependencyGeneratePcm arm64 /tmp/task-module-after/release/SDKExplicitPrecompiledModules/HealthKit-DOSCRMVS8P32UOLECX8CM8MAJ.pcm

SwiftExplicitDependencyGeneratePcm arm64 /tmp/task-module-after/release/SDKExplicitPrecompiledModules/CoreSpotlight-5VBV440BRODH63502V723CG49.pcm

SwiftExplicitDependencyGeneratePcm arm64 /tmp/task-module-after/release/SDKExplicitPrecompiledModules/Accessibility-9TYOP7SINJA3SBQ64QNX4X2RK.pcm

SwiftExplicitDependencyGeneratePcm arm64 /tmp/task-module-after/release/SDKExplicitPrecompiledModules/FileProvider-7YEFJQ93YMG6RQ20BTP2BBZSX.pcm

SwiftExplicitDependencyGeneratePcm arm64 /tmp/task-module-after/release/SDKExplicitPrecompiledModules/Metal-6UD4O0ZR8ID8RM3ZQK2X6IOHP.pcm

SwiftExplicitDependencyGeneratePcm arm64 /tmp/task-module-after/release/SDKExplicitPrecompiledModules/OpenGLES-A1A7CW827HZEDLBLRU2G3JYWL.pcm

SwiftExplicitDependencyGeneratePcm arm64 /tmp/task-module-after/release/SDKExplicitPrecompiledModules/DataDetection-8EBMEM9OLFC5TAW63UV1FJA5C.pcm

SwiftExplicitDependencyGeneratePcm arm64 /tmp/task-module-after/release/SDKExplicitPrecompiledModules/AudioToolbox-CJ3PNCPAQB8QDUFLI91NKTV0Y.pcm

SwiftExplicitDependencyGeneratePcm arm64 /tmp/task-module-after/release/SDKExplicitPrecompiledModules/CloudKit-99O01OW89X8M4VJCD9GLFL78H.pcm

SwiftExplicitDependencyGeneratePcm arm64 /tmp/task-module-after/release/SDKExplicitPrecompiledModules/CoreMotion-DMCEJMNHYYAAS7ZIPDFISCDX8.pcm

SwiftExplicitDependencyGeneratePcm arm64 /tmp/task-module-after/release/SDKExplicitPrecompiledModules/AVRouting-2EDY1T40E8IG90DHSL439FU4K.pcm

SwiftExplicitDependencyGeneratePcm arm64 /tmp/task-module-after/release/SDKExplicitPrecompiledModules/CoreVideo-1FB9TZ1HT485E6LY534YN7W93.pcm

SwiftExplicitDependencyGeneratePcm arm64 /tmp/task-module-after/release/SDKExplicitPrecompiledModules/QuartzCore-B6PJPYO4IC5R1EAZYMC2G2Y51.pcm

SwiftExplicitDependencyGeneratePcm arm64 /tmp/task-module-after/release/SDKExplicitPrecompiledModules/CoreImage-D2LW5P97O1M9WE61RLRHARCCZ.pcm

SwiftExplicitDependencyGeneratePcm arm64 /tmp/task-module-after/release/SDKExplicitPrecompiledModules/CoreMedia-DWIUOACSVSXUVX5S9U5MIF3SH.pcm

SwiftExplicitDependencyGeneratePcm arm64 /tmp/task-module-after/release/SDKExplicitPrecompiledModules/SwiftUICore-AMRMUN9RP9PVL10LM829T91G6.pcm

SwiftExplicitDependencyGeneratePcm arm64 /tmp/task-module-after/release/SDKExplicitPrecompiledModules/VideoToolbox-58I5730442I4T6OJOCS8UH11I.pcm

SwiftExplicitDependencyGeneratePcm arm64 /tmp/task-module-after/release/SDKExplicitPrecompiledModules/AVFAudio-A6W96WO07PMBP4VO8EB4IOQ8D.pcm

SwiftExplicitDependencyGeneratePcm arm64 /tmp/task-module-after/release/SDKExplicitPrecompiledModules/MediaToolbox-8RWA0KXHRRM7C7BTPUAWZZ2AJ.pcm

SwiftExplicitDependencyGeneratePcm arm64 /tmp/task-module-after/release/SDKExplicitPrecompiledModules/UIKit-C8T0HLY1BSIPET6YFTIFKF9HZ.pcm

SwiftExplicitDependencyGeneratePcm arm64 /tmp/task-module-after/release/SDKExplicitPrecompiledModules/AVFoundation-4PVLYMYJTRLFBCP1N9EIYTIGD.pcm

SwiftExplicitDependencyGeneratePcm arm64 /tmp/task-module-after/release/SDKExplicitPrecompiledModules/Photos-BGGZB99UR08HMSWEHYIH8RXW.pcm

SwiftExplicitDependencyGeneratePcm arm64 /tmp/task-module-after/release/SDKExplicitPrecompiledModules/SwiftUI-4B8F8SE8X4YXMYMKWGBKPJ9YZ.pcm

SwiftExplicitDependencyGeneratePcm arm64 /tmp/task-module-after/release/SDKExplicitPrecompiledModules/PhotosUI-M9PNNR0IX2LE836SX9XW0405.pcm

SwiftCompile normal arm64 Compiling\ AccountIconBackground.swift,\ AccountKind.swift,\ AccountPresentation.swift,\ AccountProvider.swift,\ AccountTransactionPeriod.swift,\ AmountKeypad.swift,\ APIClient.swift,\ AppStore.swift,\ CardArtwork.swift,\ CardNumberFormat.swift,\ CategoryCatalog.swift,\ CreditReminders.swift,\ FinanceLocalLedger.swift,\ FinanceLocalQuery.swift,\ FinanceLocalStore.swift,\ FinanceSync.swift,\ HealthData.swift,\ HealthReader.swift,\ LoanDetailPresentation.swift,\ Models.swift,\ PaymentImageProcessor.swift,\ ScreenshotActivityReporter.swift,\ ScreenshotBackgroundBookkeeping.swift,\ ScreenshotBookkeeping.swift,\ ScreenshotIntent.swift,\ AccountProviderPicker.swift,\ AmountKeyboard.swift,\ Components.swift,\ LoanCard.swift,\ PreviewData.swift,\ AccountCardWallet.swift,\ CardNumberTextField.swift,\ CategoriesView.swift,\ ChatView.swift,\ ConsumptionInstallmentsView.swift,\ ConsumptionInstallmentView.swift,\ CreditStatementCard.swift,\ DiscountEntryPanel.swift,\ FinanceDashboardHeader.swift,\ FinanceView.swift,\ HealthView.swift,\ ScreenshotActivityAttributes.swift,\ ListsView.swift,\ LoanAccountDetail.swift,\ LoanAccountFields.swift,\ LoanAccountPlan.swift,\ LoanAdjustmentEditor.swift,\ LoginView.swift,\ NativeCardBackground.swift,\ ScreenshotBookkeepingView.swift,\ SettingsView.swift,\ TasksView.swift,\ TodayView.swift,\ TransactionAccountSelector.swift,\ TransactionActions.swift,\ TransactionCategoryPicker.swift,\ TransactionCategorySelector.swift,\ TransactionDetailView.swift,\ TransactionsView.swift,\ WalletCardGestureSurface.swift,\ ContentView.swift,\ PersonalAssistantApp.swift,\ GeneratedAssetSymbols.swift /Users/lyu/Documents/CODE/personal-assistant/apps/iOS/PersonalAssistant/Core/AccountIconBackground.swift /Users/lyu/Documents/CODE/personal-assistant/apps/iOS/PersonalAssistant/Core/AccountKind.swift /Users/lyu/Documents/CODE/personal-assistant/apps/iOS/PersonalAssistant/Core/AccountPresentation.swift /Users/lyu/Documents/CODE/personal-assistant/apps/iOS/PersonalAssistant/Core/AccountProvider.swift /Users/lyu/Documents/CODE/personal-assistant/apps/iOS/PersonalAssistant/Core/AccountTransactionPeriod.swift /Users/lyu/Documents/CODE/personal-assistant/apps/iOS/PersonalAssistant/Core/AmountKeypad.swift /Users/lyu/Documents/CODE/personal-assistant/apps/iOS/PersonalAssistant/Core/APIClient.swift /Users/lyu/Documents/CODE/personal-assistant/apps/iOS/PersonalAssistant/Core/AppStore.swift /Users/lyu/Documents/CODE/personal-assistant/apps/iOS/PersonalAssistant/Core/CardArtwork.swift /Users/lyu/Documents/CODE/personal-assistant/apps/iOS/PersonalAssistant/Core/CardNumberFormat.swift /Users/lyu/Documents/CODE/personal-assistant/apps/iOS/PersonalAssistant/Core/CategoryCatalog.swift /Users/lyu/Documents/CODE/personal-assistant/apps/iOS/PersonalAssistant/Core/CreditReminders.swift /Users/lyu/Documents/CODE/personal-assistant/apps/iOS/PersonalAssistant/Core/FinanceLocalLedger.swift /Users/lyu/Documents/CODE/personal-assistant/apps/iOS/PersonalAssistant/Core/FinanceLocalQuery.swift /Users/lyu/Documents/CODE/personal-assistant/apps/iOS/PersonalAssistant/Core/FinanceLocalStore.swift /Users/lyu/Documents/CODE/personal-assistant/apps/iOS/PersonalAssistant/Core/FinanceSync.swift /Users/lyu/Documents/CODE/personal-assistant/apps/iOS/PersonalAssistant/Core/HealthData.swift /Users/lyu/Documents/CODE/personal-assistant/apps/iOS/PersonalAssistant/Core/HealthReader.swift /Users/lyu/Documents/CODE/personal-assistant/apps/iOS/PersonalAssistant/Core/LoanDetailPresentation.swift /Users/lyu/Documents/CODE/personal-assistant/apps/iOS/PersonalAssistant/Core/Models.swift /Users/lyu/Documents/CODE/personal-assistant/apps/iOS/PersonalAssistant/Core/PaymentImageProcessor.swift /Users/lyu/Documents/CODE/personal-assistant/apps/iOS/PersonalAssistant/Core/ScreenshotActivityReporter.swift /Users/lyu/Documents/CODE/personal-assistant/apps/iOS/PersonalAssistant/Core/ScreenshotBackgroundBookkeeping.swift /Users/lyu/Documents/CODE/personal-assistant/apps/iOS/PersonalAssistant/Core/ScreenshotBookkeeping.swift /Users/lyu/Documents/CODE/personal-assistant/apps/iOS/PersonalAssistant/Core/ScreenshotIntent.swift /Users/lyu/Documents/CODE/personal-assistant/apps/iOS/PersonalAssistant/Design/AccountProviderPicker.swift /Users/lyu/Documents/CODE/personal-assistant/apps/iOS/PersonalAssistant/Design/AmountKeyboard.swift /Users/lyu/Documents/CODE/personal-assistant/apps/iOS/PersonalAssistant/Design/Components.swift /Users/lyu/Documents/CODE/personal-assistant/apps/iOS/PersonalAssistant/Design/LoanCard.swift /Users/lyu/Documents/CODE/personal-assistant/apps/iOS/PersonalAssistant/Design/PreviewData.swift /Users/lyu/Documents/CODE/personal-assistant/apps/iOS/PersonalAssistant/Features/AccountCardWallet.swift /Users/lyu/Documents/CODE/personal-assistant/apps/iOS/PersonalAssistant/Features/CardNumberTextField.swift /Users/lyu/Documents/CODE/personal-assistant/apps/iOS/PersonalAssistant/Features/CategoriesView.swift /Users/lyu/Documents/CODE/personal-assistant/apps/iOS/PersonalAssistant/Features/ChatView.swift /Users/lyu/Documents/CODE/personal-assistant/apps/iOS/PersonalAssistant/Features/ConsumptionInstallmentsView.swift /Users/lyu/Documents/CODE/personal-assistant/apps/iOS/PersonalAssistant/Features/ConsumptionInstallmentView.swift /Users/lyu/Documents/CODE/personal-assistant/apps/iOS/PersonalAssistant/Features/CreditStatementCard.swift /Users/lyu/Documents/CODE/personal-assistant/apps/iOS/PersonalAssistant/Features/DiscountEntryPanel.swift /Users/lyu/Documents/CODE/personal-assistant/apps/iOS/PersonalAssistant/Features/FinanceDashboardHeader.swift /Users/lyu/Documents/CODE/personal-assistant/apps/iOS/PersonalAssistant/Features/FinanceView.swift /Users/lyu/Documents/CODE/personal-assistant/apps/iOS/PersonalAssistant/Features/HealthView.swift /Users/lyu/Documents/CODE/personal-assistant/apps/iOS/ScreenshotActivityShared/ScreenshotActivityAttributes.swift /Users/lyu/Documents/CODE/personal-assistant/apps/iOS/PersonalAssistant/Features/ListsView.swift /Users/lyu/Documents/CODE/personal-assistant/apps/iOS/PersonalAssistant/Features/LoanAccountDetail.swift /Users/lyu/Documents/CODE/personal-assistant/apps/iOS/PersonalAssistant/Features/LoanAccountFields.swift /Users/lyu/Documents/CODE/personal-assistant/apps/iOS/PersonalAssistant/Features/LoanAccountPlan.swift /Users/lyu/Documents/CODE/personal-assistant/apps/iOS/PersonalAssistant/Features/LoanAdjustmentEditor.swift /Users/lyu/Documents/CODE/personal-assistant/apps/iOS/PersonalAssistant/Features/LoginView.swift /Users/lyu/Documents/CODE/personal-assistant/apps/iOS/PersonalAssistant/Features/NativeCardBackground.swift /Users/lyu/Documents/CODE/personal-assistant/apps/iOS/PersonalAssistant/Features/ScreenshotBookkeepingView.swift /Users/lyu/Documents/CODE/personal-assistant/apps/iOS/PersonalAssistant/Features/SettingsView.swift /Users/lyu/Documents/CODE/personal-assistant/apps/iOS/PersonalAssistant/Features/TasksView.swift /Users/lyu/Documents/CODE/personal-assistant/apps/iOS/PersonalAssistant/Features/TodayView.swift /Users/lyu/Documents/CODE/personal-assistant/apps/iOS/PersonalAssistant/Features/TransactionAccountSelector.swift /Users/lyu/Documents/CODE/personal-assistant/apps/iOS/PersonalAssistant/Features/TransactionActions.swift /Users/lyu/Documents/CODE/personal-assistant/apps/iOS/PersonalAssistant/Features/TransactionCategoryPicker.swift /Users/lyu/Documents/CODE/personal-assistant/apps/iOS/PersonalAssistant/Features/TransactionCategorySelector.swift /Users/lyu/Documents/CODE/personal-assistant/apps/iOS/PersonalAssistant/Features/TransactionDetailView.swift /Users/lyu/Documents/CODE/personal-assistant/apps/iOS/PersonalAssistant/Features/TransactionsView.swift /Users/lyu/Documents/CODE/personal-assistant/apps/iOS/PersonalAssistant/Features/WalletCardGestureSurface.swift /Users/lyu/Documents/CODE/personal-assistant/apps/iOS/PersonalAssistant/ContentView.swift /Users/lyu/Documents/CODE/personal-assistant/apps/iOS/PersonalAssistant/PersonalAssistantApp.swift /tmp/task-module-after/release/Build/Intermediates.noindex/PersonalAssistant.build/Release-iphoneos/PersonalAssistant.build/DerivedSources/GeneratedAssetSymbols.swift /Applications/Xcode.app/Contents/Developer/Toolchains/XcodeDefault.xctoolchain/usr/lib/swift/iphoneos/prebuilt-modules/27.0/ExtensionFoundation.swiftmodule/arm64e-apple-ios.swiftmodule /Applications/Xcode.app/Contents/Developer/Toolchains/XcodeDefault.xctoolchain/usr/lib/swift/iphoneos/prebuilt-modules/27.0/Dispatch.swiftmodule/arm64e-apple-ios.swiftmodule /Applications/Xcode.app/Contents/Developer/Toolchains/XcodeDefault.xctoolchain/usr/lib/swift/iphoneos/prebuilt-modules/27.0/Photos.swiftmodule/arm64e-apple-ios.swiftmodule /Applications/Xcode.app/Contents/Developer/Toolchains/XcodeDefault.xctoolchain/usr/lib/swift/iphoneos/prebuilt-modules/27.0/_StringProcessing.swiftmodule/arm64e-apple-ios.swiftmodule /Applications/Xcode.app/Contents/Developer/Toolchains/XcodeDefault.xctoolchain/usr/lib/swift/iphoneos/prebuilt-modules/27.0/Darwin.swiftmodule/arm64e-apple-ios.swiftmodule /Applications/Xcode.app/Contents/Developer/Toolchains/XcodeDefault.xctoolchain/usr/lib/swift/iphoneos/prebuilt-modules/27.0/ObjectiveC.swiftmodule/arm64e-apple-ios.swiftmodule /Applications/Xcode.app/Contents/Developer/Toolchains/XcodeDefault.xctoolchain/usr/lib/swift/iphoneos/prebuilt-modules/27.0/CoreMedia.swiftmodule/arm64e-apple-ios.swiftmodule /Applications/Xcode.app/Contents/Developer/Toolchains/XcodeDefault.xctoolchain/usr/lib/swift/iphoneos/prebuilt-modules/27.0/simd.swiftmodule/arm64e-apple-ios.swiftmodule /Applications/Xcode.app/Contents/Developer/Toolchains/XcodeDefault.xctoolchain/usr/lib/swift/iphoneos/prebuilt-modules/27.0/AppIntents.swiftmodule/arm64e-apple-ios.swiftmodule /Applications/Xcode.app/Contents/Developer/Toolchains/XcodeDefault.xctoolchain/usr/lib/swift/iphoneos/prebuilt-modules/27.0/CoreTransferable.swiftmodule/arm64e-apple-ios.swiftmodule /Applications/Xcode.app/Contents/Developer/Toolchains/XcodeDefault.xctoolchain/usr/lib/swift/iphoneos/prebuilt-modules/27.0/AVFoundation.swiftmodule/arm64e-apple-ios.swiftmodule /Applications/Xcode.app/Contents/Developer/Toolchains/XcodeDefault.xctoolchain/usr/lib/swift/iphoneos/prebuilt-modules/27.0/Observation.swiftmodule/arm64e-apple-ios.swiftmodule /Applications/Xcode.app/Contents/Developer/Toolchains/XcodeDefault.xctoolchain/usr/lib/swift/iphoneos/prebuilt-modules/27.0/Distributed.swiftmodule/arm64e-apple-ios.swiftmodule /Applications/Xcode.app/Contents/Developer/Toolchains/XcodeDefault.xctoolchain/usr/lib/swift/iphoneos/prebuilt-modules/27.0/CoreMotion.swiftmodule/arm64e-apple-ios.swiftmodule /Applications/Xcode.app/Contents/Developer/Toolchains/XcodeDefault.xctoolchain/usr/lib/swift/iphoneos/prebuilt-modules/27.0/os.swiftmodule/arm64e-apple-ios.swiftmodule /Applications/Xcode.app/Contents/Developer/Toolchains/XcodeDefault.xctoolchain/usr/lib/swift/iphoneos/prebuilt-modules/27.0/PhotosUI.swiftmodule/arm64e-apple-ios.swiftmodule /Applications/Xcode.app/Contents/Developer/Toolchains/XcodeDefault.xctoolchain/usr/lib/swift/iphoneos/prebuilt-modules/27.0/Spatial.swiftmodule/arm64e-apple-ios.swiftmodule /Applications/Xcode.app/Contents/Developer/Toolchains/XcodeDefault.xctoolchain/usr/lib/swift/iphoneos/prebuilt-modules/27.0/HealthKit.swiftmodule/arm64e-apple-ios.swiftmodule /Applications/Xcode.app/Contents/Developer/Toolchains/XcodeDefault.xctoolchain/usr/lib/swift/iphoneos/prebuilt-modules/27.0/Combine.swiftmodule/arm64e-apple-ios.swiftmodule /Applications/Xcode.app/Contents/Developer/Toolchains/XcodeDefault.xctoolchain/usr/lib/swift/iphoneos/prebuilt-modules/27.0/FileProvider.swiftmodule/arm64e-apple-ios.swiftmodule /Applications/Xcode.app/Contents/Developer/Toolchains/XcodeDefault.xctoolchain/usr/lib/swift/iphoneos/prebuilt-modules/27.0/CoreSpotlight.swiftmodule/arm64e-apple-ios.swiftmodule /Applications/Xcode.app/Contents/Developer/Toolchains/XcodeDefault.xctoolchain/usr/lib/swift/iphoneos/prebuilt-modules/27.0/RelevanceKit.swiftmodule/arm64e-apple-ios.swiftmodule /Applications/Xcode.app/Contents/Developer/Toolchains/XcodeDefault.xctoolchain/usr/lib/swift/iphoneos/prebuilt-modules/27.0/UniformTypeIdentifiers.swiftmodule/arm64e-apple-ios.swiftmodule /Applications/Xcode.app/Contents/Developer/Toolchains/XcodeDefault.xctoolchain/usr/lib/swift/iphoneos/prebuilt-modules/27.0/QuartzCore.swiftmodule/arm64e-apple-ios.swiftmodule /Applications/Xcode.app/Contents/Developer/Toolchains/XcodeDefault.xctoolchain/usr/lib/swift/iphoneos/prebuilt-modules/27.0/Metal.swiftmodule/arm64e-apple-ios.swiftmodule /Applications/Xcode.app/Contents/Developer/Toolchains/XcodeDefault.xctoolchain/usr/lib/swift/iphoneos/prebuilt-modules/27.0/XPC.swiftmodule/arm64e-apple-ios.swiftmodule /Applications/Xcode.app/Contents/Developer/Toolchains/XcodeDefault.xctoolchain/usr/lib/swift/iphoneos/prebuilt-modules/27.0/AVFAudio.swiftmodule/arm64e-apple-ios.swiftmodule /Applications/Xcode.app/Contents/Developer/Toolchains/XcodeDefault.xctoolchain/usr/lib/swift/iphoneos/prebuilt-modules/27.0/LocalAuthentication.swiftmodule/arm64e-apple-ios.swiftmodule /Applications/Xcode.app/Contents/Developer/Toolchains/XcodeDefault.xctoolchain/usr/lib/swift/iphoneos/prebuilt-modules/27.0/Swift.swiftmodule/arm64e-apple-ios.swiftmodule /Applications/Xcode.app/Contents/Developer/Toolchains/XcodeDefault.xctoolchain/usr/lib/swift/iphoneos/prebuilt-modules/27.0/System.swiftmodule/arm64e-apple-ios.swiftmodule /Applications/Xcode.app/Contents/Developer/Toolchains/XcodeDefault.xctoolchain/usr/lib/swift/iphoneos/prebuilt-modules/27.0/_DarwinFoundation3.swiftmodule/arm64e-apple-ios.swiftmodule /Applications/Xcode.app/Contents/Developer/Toolchains/XcodeDefault.xctoolchain/usr/lib/swift/iphoneos/prebuilt-modules/27.0/CoreGraphics.swiftmodule/arm64e-apple-ios.swiftmodule /Applications/Xcode.app/Contents/Developer/Toolchains/XcodeDefault.xctoolchain/usr/lib/swift/iphoneos/prebuilt-modules/27.0/_Builtin_float.swiftmodule/arm64e-apple-ios.swiftmodule /Applications/Xcode.app/Contents/Developer/Toolchains/XcodeDefault.xctoolchain/usr/lib/swift/iphoneos/prebuilt-modules/27.0/SwiftUICore.swiftmodule/arm64e-apple-ios.swiftmodule /Applications/Xcode.app/Contents/Developer/Toolchains/XcodeDefault.xctoolchain/usr/lib/swift/iphoneos/prebuilt-modules/27.0/CoreVideo.swiftmodule/arm64e-apple-ios.swiftmodule /Applications/Xcode.app/Contents/Developer/Toolchains/XcodeDefault.xctoolchain/usr/lib/swift/iphoneos/prebuilt-modules/27.0/_PhotosUI_SwiftUI.swiftmodule/arm64e-apple-ios.swiftmodule /Applications/Xcode.app/Contents/Developer/Toolchains/XcodeDefault.xctoolchain/usr/lib/swift/iphoneos/prebuilt-modules/27.0/AudioToolbox.swiftmodule/arm64e-apple-ios.swiftmodule /Applications/Xcode.app/Contents/Developer/Toolchains/XcodeDefault.xctoolchain/usr/lib/swift/iphoneos/prebuilt-modules/27.0/CoreImage.swiftmodule/arm64e-apple-ios.swiftmodule /Applications/Xcode.app/Contents/Developer/Toolchains/XcodeDefault.xctoolchain/usr/lib/swift/iphoneos/prebuilt-modules/27.0/_Concurrency.swiftmodule/arm64e-apple-ios.swiftmodule /Applications/Xcode.app/Contents/Developer/Toolchains/XcodeDefault.xctoolchain/usr/lib/swift/iphoneos/prebuilt-modules/27.0/VideoToolbox.swiftmodule/arm64e-apple-ios.swiftmodule /Applications/Xcode.app/Contents/Developer/Toolchains/XcodeDefault.xctoolchain/usr/lib/swift/iphoneos/prebuilt-modules/27.0/LightweightCodeRequirements.swiftmodule/arm64e-apple-ios.swiftmodule /Applications/Xcode.app/Contents/Developer/Toolchains/XcodeDefault.xctoolchain/usr/lib/swift/iphoneos/prebuilt-modules/27.0/UIKit.swiftmodule/arm64e-apple-ios.swiftmodule /Applications/Xcode.app/Contents/Developer/Toolchains/XcodeDefault.xctoolchain/usr/lib/swift/iphoneos/prebuilt-modules/27.0/CoreText.swiftmodule/arm64e-apple-ios.swiftmodule /Applications/Xcode.app/Contents/Developer/Toolchains/XcodeDefault.xctoolchain/usr/lib/swift/iphoneos/prebuilt-modules/27.0/CryptoKit.swiftmodule/arm64e-apple-ios.swiftmodule /Applications/Xcode.app/Contents/Developer/Toolchains/XcodeDefault.xctoolchain/usr/lib/swift/iphoneos/prebuilt-modules/27.0/OSLog.swiftmodule/arm64e-apple-ios.swiftmodule /Applications/Xcode.app/Contents/Developer/Toolchains/XcodeDefault.xctoolchain/usr/lib/swift/iphoneos/prebuilt-modules/27.0/Foundation.swiftmodule/arm64e-apple-ios.swiftmodule /Applications/Xcode.app/Contents/Developer/Toolchains/XcodeDefault.xctoolchain/usr/lib/swift/iphoneos/prebuilt-modules/27.0/DataDetection.swiftmodule/arm64e-apple-ios.swiftmodule /Applications/Xcode.app/Contents/Developer/Toolchains/XcodeDefault.xctoolchain/usr/lib/swift/iphoneos/prebuilt-modules/27.0/CoreFoundation.swiftmodule/arm64e-apple-ios.swiftmodule /Applications/Xcode.app/Contents/Developer/Toolchains/XcodeDefault.xctoolchain/usr/lib/swift/iphoneos/prebuilt-modules/27.0/_DarwinFoundation2.swiftmodule/arm64e-apple-ios.swiftmodule /Applications/Xcode.app/Contents/Developer/Toolchains/XcodeDefault.xctoolchain/usr/lib/swift/iphoneos/prebuilt-modules/27.0/CloudKit.swiftmodule/arm64e-apple-ios.swiftmodule /Applications/Xcode.app/Contents/Developer/Toolchains/XcodeDefault.xctoolchain/usr/lib/swift/iphoneos/prebuilt-modules/27.0/MediaToolbox.swiftmodule/arm64e-apple-ios.swiftmodule /Applications/Xcode.app/Contents/Developer/Toolchains/XcodeDefault.xctoolchain/usr/lib/swift/iphoneos/prebuilt-modules/27.0/ActivityKit.swiftmodule/arm64e-apple-ios.swiftmodule /Applications/Xcode.app/Contents/Developer/Toolchains/XcodeDefault.xctoolchain/usr/lib/swift/iphoneos/prebuilt-modules/27.0/CoreLocation.swiftmodule/arm64e-apple-ios.swiftmodule /Applications/Xcode.app/Contents/Developer/Toolchains/XcodeDefault.xctoolchain/usr/lib/swift/iphoneos/prebuilt-modules/27.0/Network.swiftmodule/arm64e-apple-ios.swiftmodule /Applications/Xcode.app/Contents/Developer/Toolchains/XcodeDefault.xctoolchain/usr/lib/swift/iphoneos/prebuilt-modules/27.0/AppIntentsTypeSupport.swiftmodule/arm64e-apple-ios.swiftmodule /Applications/Xcode.app/Contents/Developer/Toolchains/XcodeDefault.xctoolchain/usr/lib/swift/iphoneos/prebuilt-modules/27.0/SwiftUI.swiftmodule/arm64e-apple-ios.swiftmodule /Applications/Xcode.app/Contents/Developer/Toolchains/XcodeDefault.xctoolchain/usr/lib/swift/iphoneos/prebuilt-modules/27.0/CoreMIDI.swiftmodule/arm64e-apple-ios.swiftmodule /Applications/Xcode.app/Contents/Developer/Toolchains/XcodeDefault.xctoolchain/usr/lib/swift/iphoneos/prebuilt-modules/27.0/CoreData.swiftmodule/arm64e-apple-ios.swiftmodule /Applications/Xcode.app/Contents/Developer/Toolchains/XcodeDefault.xctoolchain/usr/lib/swift/iphoneos/prebuilt-modules/27.0/CoreAudio.swiftmodule/arm64e-apple-ios.swiftmodule /Applications/Xcode.app/Contents/Developer/Toolchains/XcodeDefault.xctoolchain/usr/lib/swift/iphoneos/prebuilt-modules/27.0/DeveloperToolsSupport.swiftmodule/arm64e-apple-ios.swiftmodule /Applications/Xcode.app/Contents/Developer/Toolchains/XcodeDefault.xctoolchain/usr/lib/swift/iphoneos/prebuilt-modules/27.0/ImageIO.swiftmodule/arm64e-apple-ios.swiftmodule /Applications/Xcode.app/Contents/Developer/Toolchains/XcodeDefault.xctoolchain/usr/lib/swift/iphoneos/prebuilt-modules/27.0/_DarwinFoundation1.swiftmodule/arm64e-apple-ios.swiftmodule /Applications/Xcode.app/Contents/Developer/Toolchains/XcodeDefault.xctoolchain/usr/lib/swift/iphoneos/prebuilt-modules/27.0/Symbols.swiftmodule/arm64e-apple-ios.swiftmodule /Applications/Xcode.app/Contents/Developer/Toolchains/XcodeDefault.xctoolchain/usr/lib/swift/iphoneos/prebuilt-modules/27.0/Accessibility.swiftmodule/arm64e-apple-ios.swiftmodule /Applications/Xcode.app/Contents/Developer/Toolchains/XcodeDefault.xctoolchain/usr/lib/swift/iphoneos/prebuilt-modules/27.0/Charts.swiftmodule/arm64e-apple-ios.swiftmodule /tmp/task-module-after/release/SDKExplicitPrecompiledModules/CoreText-4THPTO0W94L5PIQ2FPB0DE48Y.pcm /tmp/task-module-after/release/SDKExplicitPrecompiledModules/os-2NKPA3YA2JYT7K5YCFIEFA98M.pcm /tmp/task-module-after/release/SDKExplicitPrecompiledModules/PhotosUI-M9PNNR0IX2LE836SX9XW0405.pcm /tmp/task-module-after/release/SDKExplicitPrecompiledModules/_Builtin_tgmath-3N4DDZ5EKFLVD6725SDZN4F5F.pcm /tmp/task-module-after/release/SDKExplicitPrecompiledModules/AppIntents-5V5D0VBOLG5RLV8IXE9OILTYN.pcm /tmp/task-module-after/release/SDKExplicitPrecompiledModules/AVRouting-2EDY1T40E8IG90DHSL439FU4K.pcm /tmp/task-module-after/release/SDKExplicitPrecompiledModules/CoreGraphics-APW61VMJT9ELX12MHCIHYAWKU.pcm /tmp/task-module-after/release/SDKExplicitPrecompiledModules/Symbols-7SB6EL7ZDFALTT4TN6LVBO5XG.pcm /tmp/task-module-after/release/SDKExplicitPrecompiledModules/CloudKit-99O01OW89X8M4VJCD9GLFL78H.pcm /tmp/task-module-after/release/SDKExplicitPrecompiledModules/Accessibility-9TYOP7SINJA3SBQ64QNX4X2RK.pcm /tmp/task-module-after/release/SDKExplicitPrecompiledModules/UIUtilities-G1R07I6V06FYTDCUQS22H4WF.pcm /tmp/task-module-after/release/SDKExplicitPrecompiledModules/Dispatch-ELNBA5XUWWKO0P4UZUWHERX3B.pcm /tmp/task-module-after/release/SDKExplicitPrecompiledModules/SwiftUI-4B8F8SE8X4YXMYMKWGBKPJ9YZ.pcm /tmp/task-module-after/release/SDKExplicitPrecompiledModules/CoreMedia-DWIUOACSVSXUVX5S9U5MIF3SH.pcm /tmp/task-module-after/release/SDKExplicitPrecompiledModules/os_object-2Y6NA6LC5SA1I11OZJH8X8Z38.pcm /tmp/task-module-after/release/SDKExplicitPrecompiledModules/Security-ACSM8T3F6VPS1US1NA90KA8VX.pcm /tmp/task-module-after/release/SDKExplicitPrecompiledModules/XPC-EG7C18QM3SVSFOE9XCG1I1E8U.pcm /tmp/task-module-after/release/SDKExplicitPrecompiledModules/AppIntentsTypeSupport-57SUMQTLBDQKC7X90JY46KI85.pcm /tmp/task-module-after/release/SDKExplicitPrecompiledModules/Network-5MA0V8NYK5OCWFQAG8VDOA2KL.pcm /tmp/task-module-after/release/SDKExplicitPrecompiledModules/IOSurface-7S4A96XRV574CIG64OI00JAQH.pcm /tmp/task-module-after/release/SDKExplicitPrecompiledModules/CoreAudio-CZA905QKZ7V159MJIGQ43VZ84.pcm /tmp/task-module-after/release/SDKExplicitPrecompiledModules/DataDetection-8EBMEM9OLFC5TAW63UV1FJA5C.pcm /tmp/task-module-after/release/SDKExplicitPrecompiledModules/UniformTypeIdentifiers-73D98V1D0YV6PRA90SZ33FDQM.pcm /tmp/task-module-after/release/SDKExplicitPrecompiledModules/CoreData-6N6QFBM92YH97FSTTM5KKXUPR.pcm /tmp/task-module-after/release/SDKExplicitPrecompiledModules/_Builtin_stddef-DUOG6YB5KCKIRECQQVPBLIUDU.pcm /tmp/task-module-after/release/SDKExplicitPrecompiledModules/_Builtin_stdarg-4Y2EWT0H9DPNPYCG2I6MCTUO2.pcm /tmp/task-module-after/release/SDKExplicitPrecompiledModules/_Builtin_stdatomic-9D4Z8D3MENRCJB688LAMFE70Q.pcm /tmp/task-module-after/release/SDKExplicitPrecompiledModules/sys_types-CUI3JUZ35YJ5QBFAH9TCKD6XQ.pcm /tmp/task-module-after/release/SDKExplicitPrecompiledModules/MediaToolbox-8RWA0KXHRRM7C7BTPUAWZZ2AJ.pcm /tmp/task-module-after/release/SDKExplicitPrecompiledModules/_Builtin_stdbool-DX8VTX123XXC6Y4OHFBHB23ET.pcm /tmp/task-module-after/release/SDKExplicitPrecompiledModules/ptrcheck-F4Z4KB765W0EYZ0OPBVXX01ZN.pcm /tmp/task-module-after/release/SDKExplicitPrecompiledModules/Spatial-E207Y1DE6GGH6KSGQQ3RRM2R2.pcm /tmp/task-module-after/release/SDKExplicitPrecompiledModules/CoreVideo-1FB9TZ1HT485E6LY534YN7W93.pcm /tmp/task-module-after/release/SDKExplicitPrecompiledModules/OSLog-8FTJMXBMGE6GJ1ERO5879GL9W.pcm /tmp/task-module-after/release/SDKExplicitPrecompiledModules/CoreTransferable-EGBFIXMEWX5XSOEJ4M2VXENDE.pcm /tmp/task-module-after/release/SDKExplicitPrecompiledModules/UserNotifications-E9IJGGKRVUMC260V2TTCXH1A3.pcm /tmp/task-module-after/release/SDKExplicitPrecompiledModules/SwiftShims-CUV6TWK7PVGCWLJYH1A8HS79O.pcm /tmp/task-module-after/release/SDKExplicitPrecompiledModules/SwiftUICore-AMRMUN9RP9PVL10LM829T91G6.pcm /tmp/task-module-after/release/SDKExplicitPrecompiledModules/_DarwinFoundation3-6WUUKNIQ80ADOJFLGS6UTR2RB.pcm /tmp/task-module-after/release/SDKExplicitPrecompiledModules/Photos-BGGZB99UR08HMSWEHYIH8RXW.pcm /tmp/task-module-after/release/SDKExplicitPrecompiledModules/LocalAuthentication-A703J2DPN8Q4N58VD7OFAPQXG.pcm /tmp/task-module-after/release/SDKExplicitPrecompiledModules/UIKit-C8T0HLY1BSIPET6YFTIFKF9HZ.pcm /tmp/task-module-after/release/SDKExplicitPrecompiledModules/CoreSpotlight-5VBV440BRODH63502V723CG49.pcm /tmp/task-module-after/release/SDKExplicitPrecompiledModules/AVFAudio-A6W96WO07PMBP4VO8EB4IOQ8D.pcm /tmp/task-module-after/release/SDKExplicitPrecompiledModules/Foundation-6YPLWVDMBEDPFCPZD31TCN42.pcm /tmp/task-module-after/release/SDKExplicitPrecompiledModules/OpenGLES-A1A7CW827HZEDLBLRU2G3JYWL.pcm /tmp/task-module-after/release/SDKExplicitPrecompiledModules/RelevanceKit-1FETTBZ24TS73DTA41V8BHYGC.pcm /tmp/task-module-after/release/SDKExplicitPrecompiledModules/ImageIO-7D5P2298P758C3JVXPCKGLZRU.pcm /tmp/task-module-after/release/SDKExplicitPrecompiledModules/_SwiftConcurrencyShims-71PPSB0UVJ06U4QYS2IRS7QZY.pcm /tmp/task-module-after/release/SDKExplicitPrecompiledModules/ExtensionFoundation-DAXLI92GQBAS652NC793XYMKV.pcm /tmp/task-module-after/release/SDKExplicitPrecompiledModules/_Builtin_inttypes-744CTFJX9KTSSCC5DZ6V0STS.pcm /tmp/task-module-after/release/SDKExplicitPrecompiledModules/QuartzCore-B6PJPYO4IC5R1EAZYMC2G2Y51.pcm /tmp/task-module-after/release/SDKExplicitPrecompiledModules/SQLite3-ANWAUP0W10EM06S2QNFK3UEJI.pcm /tmp/task-module-after/release/SDKExplicitPrecompiledModules/Darwin-VVKAQUW2X4SNVAFBJP6GOI70.pcm /tmp/task-module-after/release/SDKExplicitPrecompiledModules/AVFoundation-4PVLYMYJTRLFBCP1N9EIYTIGD.pcm /tmp/task-module-after/release/SDKExplicitPrecompiledModules/CFNetwork-61F9SLZLKMVQIX5SU61SHBXFN.pcm /tmp/task-module-after/release/SDKExplicitPrecompiledModules/_AvailabilityInternal-E3V3CBKWI75EZI6Q4ZPJ8W9S7.pcm /tmp/task-module-after/release/SDKExplicitPrecompiledModules/string_h-679ENZKKA2UGLH1B5OR95OET5.pcm /tmp/task-module-after/release/SDKExplicitPrecompiledModules/CoreLocation-CRYB30SX5QR6YQQ25RA388PWC.pcm /tmp/task-module-after/release/SDKExplicitPrecompiledModules/CoreAudioTypes-2RQWYHY5W632YN6KYW9JRF9CQ.pcm /tmp/task-module-after/release/SDKExplicitPrecompiledModules/CoreImage-D2LW5P97O1M9WE61RLRHARCCZ.pcm /tmp/task-module-after/release/SDKExplicitPrecompiledModules/_Builtin_float-1E3Y2QLBY81N0JQJI2JL8MUMM.pcm /tmp/task-module-after/release/SDKExplicitPrecompiledModules/FileProvider-7YEFJQ93YMG6RQ20BTP2BBZSX.pcm /tmp/task-module-after/release/SDKExplicitPrecompiledModules/CoreFoundation-6IEAOCSTBIH4WCSKTPRT2ITL8.pcm /tmp/task-module-after/release/SDKExplicitPrecompiledModules/os_workgroup-3NHD6CX64BGKSFN7CX8JS6K5O.pcm /tmp/task-module-after/release/SDKExplicitPrecompiledModules/simd-BTINKTNH821VQLK7Z1DORE4WZ.pcm /tmp/task-module-after/release/SDKExplicitPrecompiledModules/_Builtin_intrinsics-EUT2C2REC2TP36K0CBF5JXLZU.pcm /tmp/task-module-after/release/SDKExplicitPrecompiledModules/CoreMIDI-4S1YXR6OJW8YA1LK3L3HRX9DQ.pcm /tmp/task-module-after/release/SDKExplicitPrecompiledModules/ptrauth-17TJD4A2B6A5LI2UJXZFSXXU0.pcm /tmp/task-module-after/release/SDKExplicitPrecompiledModules/_LocationEssentials-3V284HTRMG0KZ8O84IKLBIMJP.pcm /tmp/task-module-after/release/SDKExplicitPrecompiledModules/HealthKit-DOSCRMVS8P32UOLECX8CM8MAJ.pcm /tmp/task-module-after/release/SDKExplicitPrecompiledModules/CoreMotion-DMCEJMNHYYAAS7ZIPDFISCDX8.pcm /tmp/task-module-after/release/SDKExplicitPrecompiledModules/_DarwinFoundation1-4S6XODWLN0FMIX3V5US8JNXWL.pcm /tmp/task-module-after/release/SDKExplicitPrecompiledModules/AudioToolbox-CJ3PNCPAQB8QDUFLI91NKTV0Y.pcm /tmp/task-module-after/release/SDKExplicitPrecompiledModules/dnssd-68LYLUWJK9HHJK4RODDBOLDB.pcm /tmp/task-module-after/release/SDKExplicitPrecompiledModules/_DarwinFoundation2-73GWRJBG11IAYT47VLU3T81O1.pcm /tmp/task-module-after/release/SDKExplicitPrecompiledModules/Metal-6UD4O0ZR8ID8RM3ZQK2X6IOHP.pcm /tmp/task-module-after/release/SDKExplicitPrecompiledModules/DeveloperToolsSupport-DWRTF5RLH5Y4XCRBY5IDUUT3U.pcm /tmp/task-module-after/release/SDKExplicitPrecompiledModules/_Builtin_limits-5SNLZNT98082YFZITKM2R3UN6.pcm /tmp/task-module-after/release/SDKExplicitPrecompiledModules/VideoToolbox-58I5730442I4T6OJOCS8UH11I.pcm /tmp/task-module-after/release/SDKExplicitPrecompiledModules/ActivityKit-9CWOK7EQKONTZG11GLRFYZQMQ.pcm /tmp/task-module-after/release/SDKExplicitPrecompiledModules/ObjectiveC-C08COSFUE8UDCY2ATWDQ9FLJV.pcm /tmp/task-module-after/release/SDKExplicitPrecompiledModules/MachO-8XAP5S5Q1GFD7GP61SQLVG8SI.pcm /tmp/task-module-after/release/SDKExplicitPrecompiledModules/_Builtin_stdint-6CUB47K6G4VXZOQNRP4F05QSD.pcm /tmp/task-module-after/release/Build/Intermediates.noindex/PersonalAssistant.build/Release-iphoneos/PersonalAssistant.build/Objects-normal/arm64/PersonalAssistant-dependencies-1.json (in target 'PersonalAssistant' from project 'PersonalAssistant')
/Users/lyu/Documents/CODE/personal-assistant/apps/iOS/PersonalAssistant/Core/CardArtwork.swift:77:110: warning: call to main actor-isolated static method 'publicURL' in a synchronous nonisolated context [#ActorIsolatedCall]
 60 |     }
 61 |     /// 验证远程图片地址；参数：text 为外部 URL；返回值：公共 HTTPS 地址或 nil，拒绝本机、私网和带凭据地址。
 62 |     static func publicURL(_ text: String) -> URL? {
    |                 `- note: calls to static method 'publicURL' from outside of its actor context are implicitly asynchronous
 63 |         guard let url = URL(string: text), url.scheme == "https", url.user == nil, url.password == nil,
 64 |               let host = url.host?.lowercased(), host.contains("."), !host.hasSuffix(".local"), host != "localhost",
    :
 75 |                   let object = try? JSONSerialization.jsonObject(with: data) as? [String: Any],
 76 |                   let raw = object["murl"] as? String, let url = publicURL(raw), !result.contains(where: { $0.imageURL == url }) else { continue }
 77 |             result.append(CardArtworkCandidate(imageURL: url, sourceURL: (object["purl"] as? String).flatMap(publicURL), title: unescape(object["t"] as? String ?? "卡面")))
    |                                                                                                              `- warning: call to main actor-isolated static method 'publicURL' in a synchronous nonisolated context [#ActorIsolatedCall]
 78 |             if result.count == 12 { break }
 79 |         }

[#ActorIsolatedCall]: <https://docs.swift.org/compiler/documentation/diagnostics/actor-isolated-call>

SwiftCompile normal arm64 (in target 'PersonalAssistant' from project 'PersonalAssistant')
    cd /Users/lyu/Documents/CODE/personal-assistant/apps/iOS
    

SwiftDriverJobDiscovery normal arm64 Compiling AccountIconBackground.swift, AccountKind.swift, AccountPresentation.swift, AccountProvider.swift, AccountTransactionPeriod.swift, AmountKeypad.swift, APIClient.swift, AppStore.swift, CardArtwork.swift, CardNumberFormat.swift, CategoryCatalog.swift, CreditReminders.swift, FinanceLocalLedger.swift, FinanceLocalQuery.swift, FinanceLocalStore.swift, FinanceSync.swift, HealthData.swift, HealthReader.swift, LoanDetailPresentation.swift, Models.swift, PaymentImageProcessor.swift, ScreenshotActivityReporter.swift, ScreenshotBackgroundBookkeeping.swift, ScreenshotBookkeeping.swift, ScreenshotIntent.swift, AccountProviderPicker.swift, AmountKeyboard.swift, Components.swift, LoanCard.swift, PreviewData.swift, AccountCardWallet.swift, CardNumberTextField.swift, CategoriesView.swift, ChatView.swift, ConsumptionInstallmentsView.swift, ConsumptionInstallmentView.swift, CreditStatementCard.swift, DiscountEntryPanel.swift, FinanceDashboardHeader.swift, FinanceView.swift, HealthView.swift, ScreenshotActivityAttributes.swift, ListsView.swift, LoanAccountDetail.swift, LoanAccountFields.swift, LoanAccountPlan.swift, LoanAdjustmentEditor.swift, LoginView.swift, NativeCardBackground.swift, ScreenshotBookkeepingView.swift, SettingsView.swift, TasksView.swift, TodayView.swift, TransactionAccountSelector.swift, TransactionActions.swift, TransactionCategoryPicker.swift, TransactionCategorySelector.swift, TransactionDetailView.swift, TransactionsView.swift, WalletCardGestureSurface.swift, ContentView.swift, PersonalAssistantApp.swift, GeneratedAssetSymbols.swift (in target 'PersonalAssistant' from project 'PersonalAssistant')

SwiftDriver\ Compilation\ Requirements PersonalAssistant normal arm64 com.apple.xcode.tools.swift.compiler (in target 'PersonalAssistant' from project 'PersonalAssistant')
    cd /Users/lyu/Documents/CODE/personal-assistant/apps/iOS
    builtin-Swift-Compilation-Requirements -- /Applications/Xcode.app/Contents/Developer/Toolchains/XcodeDefault.xctoolchain/usr/bin/swiftc -module-name PersonalAssistant -O -whole-module-optimization @/tmp/task-module-after/release/Build/Intermediates.noindex/PersonalAssistant.build/Release-iphoneos/PersonalAssistant.build/Objects-normal/arm64/PersonalAssistant.SwiftFileList -default-isolation\=MainActor -enable-bare-slash-regex -enable-upcoming-feature DisableOutwardActorInference -enable-upcoming-feature InferSendableFromCaptures -enable-upcoming-feature GlobalActorIsolatedTypesUsability -enable-upcoming-feature MemberImportVisibility -enable-upcoming-feature InferIsolatedConformances -enable-upcoming-feature NonisolatedNonsendingByDefault -enable-experimental-feature DebugDescriptionMacro -sdk /Applications/Xcode.app/Contents/Developer/Platforms/iPhoneOS.platform/Developer/SDKs/iPhoneOS27.0.sdk -target arm64-apple-ios27.0 -g -module-cache-path /tmp/task-module-after/release/ModuleCache.noindex -Xfrontend -serialize-debugging-options -swift-version 5 -I /tmp/task-module-after/release/Build/Products/Release-iphoneos -F /tmp/task-module-after/release/Build/Products/Release-iphoneos -emit-localized-strings -emit-localized-strings-path /tmp/task-module-after/release/Build/Intermediates.noindex/PersonalAssistant.build/Release-iphoneos/PersonalAssistant.build/Objects-normal/arm64 -c -num-threads 12 -Xcc -ivfsstatcache -Xcc /tmp/task-module-after/release/SDKStatCaches.noindex/iphoneos27.0-24A430-e829b21a6f8c9b70876ba0858053c0446c78b3cbc238196c85e1bf6c792c5915.sdkstatcache -output-file-map /tmp/task-module-after/release/Build/Intermediates.noindex/PersonalAssistant.build/Release-iphoneos/PersonalAssistant.build/Objects-normal/arm64/PersonalAssistant-OutputFileMap.json -save-temps -no-color-diagnostics -explicit-module-build -module-cache-path /tmp/task-module-after/release/Build/Intermediates.noindex/SwiftExplicitPrecompiledModules -clang-scanner-module-cache-path /tmp/task-module-after/release/ModuleCache.noindex -sdk-module-cache-path /tmp/task-module-after/release/SDKExplicitPrecompiledModules -emit-dependencies -emit-module -emit-module-path /tmp/task-module-after/release/Build/Intermediates.noindex/PersonalAssistant.build/Release-iphoneos/PersonalAssistant.build/Objects-normal/arm64/PersonalAssistant.swiftmodule -serialize-diagnostics -dependency-scan-serialize-diagnostics-path /tmp/task-module-after/release/Build/Intermediates.noindex/PersonalAssistant.build/Release-iphoneos/PersonalAssistant.build/Objects-normal/arm64/PersonalAssistant-dependency-scan.dia -validate-clang-modules-once -clang-build-session-file /tmp/task-module-after/release/ModuleCache.noindex/Session.modulevalidation -Xcc -fmodules-prune-interval\=86400 -Xcc -fmodules-prune-after\=345600 -emit-const-values -const-gather-protocols-list /tmp/task-module-after/release/Build/Intermediates.noindex/PersonalAssistant.build/Release-iphoneos/PersonalAssistant.build/Objects-normal/arm64/PersonalAssistant_const_extract_protocols.json -Xcc -iquote -Xcc /tmp/task-module-after/release/Build/Intermediates.noindex/PersonalAssistant.build/Release-iphoneos/PersonalAssistant.build/PersonalAssistant-generated-files.hmap -Xcc -I/tmp/task-module-after/release/Build/Intermediates.noindex/PersonalAssistant.build/Release-iphoneos/PersonalAssistant.build/PersonalAssistant-own-target-headers.hmap -Xcc -I/tmp/task-module-after/release/Build/Intermediates.noindex/PersonalAssistant.build/Release-iphoneos/PersonalAssistant.build/PersonalAssistant-all-target-headers.hmap -Xcc -iquote -Xcc /tmp/task-module-after/release/Build/Intermediates.noindex/PersonalAssistant.build/Release-iphoneos/PersonalAssistant.build/PersonalAssistant-project-headers.hmap -Xcc -I/tmp/task-module-after/release/Build/Products/Release-iphoneos/include -Xcc -I/tmp/task-module-after/release/Build/Intermediates.noindex/PersonalAssistant.build/Release-iphoneos/PersonalAssistant.build/DerivedSources-normal/arm64 -Xcc -I/tmp/task-module-after/release/Build/Intermediates.noindex/PersonalAssistant.build/Release-iphoneos/PersonalAssistant.build/DerivedSources/arm64 -Xcc -I/tmp/task-module-after/release/Build/Intermediates.noindex/PersonalAssistant.build/Release-iphoneos/PersonalAssistant.build/DerivedSources -emit-objc-header -emit-objc-header-path /tmp/task-module-after/release/Build/Intermediates.noindex/PersonalAssistant.build/Release-iphoneos/PersonalAssistant.build/Objects-normal/arm64/PersonalAssistant-Swift.h -working-directory /Users/lyu/Documents/CODE/personal-assistant/apps/iOS -no-emit-module-separately-wmo

SwiftMergeGeneratedHeaders /tmp/task-module-after/release/Build/Intermediates.noindex/PersonalAssistant.build/Release-iphoneos/PersonalAssistant.build/DerivedSources/PersonalAssistant-Swift.h /tmp/task-module-after/release/Build/Intermediates.noindex/PersonalAssistant.build/Release-iphoneos/PersonalAssistant.build/Objects-normal/arm64/PersonalAssistant-Swift.h (in target 'PersonalAssistant' from project 'PersonalAssistant')
    cd /Users/lyu/Documents/CODE/personal-assistant/apps/iOS
    builtin-swiftHeaderTool -arch arm64 /tmp/task-module-after/release/Build/Intermediates.noindex/PersonalAssistant.build/Release-iphoneos/PersonalAssistant.build/Objects-normal/arm64/PersonalAssistant-Swift.h -o /tmp/task-module-after/release/Build/Intermediates.noindex/PersonalAssistant.build/Release-iphoneos/PersonalAssistant.build/DerivedSources/PersonalAssistant-Swift.h

Copy /tmp/task-module-after/release/Build/Products/Release-iphoneos/PersonalAssistant.swiftmodule/arm64-apple-ios.swiftdoc /tmp/task-module-after/release/Build/Intermediates.noindex/PersonalAssistant.build/Release-iphoneos/PersonalAssistant.build/Objects-normal/arm64/PersonalAssistant.swiftdoc (in target 'PersonalAssistant' from project 'PersonalAssistant')
    cd /Users/lyu/Documents/CODE/personal-assistant/apps/iOS
    builtin-copy -exclude .DS_Store -exclude CVS -exclude .svn -exclude .git -exclude .hg -resolve-src-symlinks -rename /tmp/task-module-after/release/Build/Intermediates.noindex/PersonalAssistant.build/Release-iphoneos/PersonalAssistant.build/Objects-normal/arm64/PersonalAssistant.swiftdoc /tmp/task-module-after/release/Build/Products/Release-iphoneos/PersonalAssistant.swiftmodule/arm64-apple-ios.swiftdoc

Copy /tmp/task-module-after/release/Build/Products/Release-iphoneos/PersonalAssistant.swiftmodule/arm64-apple-ios.abi.json /tmp/task-module-after/release/Build/Intermediates.noindex/PersonalAssistant.build/Release-iphoneos/PersonalAssistant.build/Objects-normal/arm64/PersonalAssistant.abi.json (in target 'PersonalAssistant' from project 'PersonalAssistant')
    cd /Users/lyu/Documents/CODE/personal-assistant/apps/iOS
    builtin-copy -exclude .DS_Store -exclude CVS -exclude .svn -exclude .git -exclude .hg -resolve-src-symlinks -rename /tmp/task-module-after/release/Build/Intermediates.noindex/PersonalAssistant.build/Release-iphoneos/PersonalAssistant.build/Objects-normal/arm64/PersonalAssistant.abi.json /tmp/task-module-after/release/Build/Products/Release-iphoneos/PersonalAssistant.swiftmodule/arm64-apple-ios.abi.json

Copy /tmp/task-module-after/release/Build/Products/Release-iphoneos/PersonalAssistant.swiftmodule/arm64-apple-ios.swiftmodule /tmp/task-module-after/release/Build/Intermediates.noindex/PersonalAssistant.build/Release-iphoneos/PersonalAssistant.build/Objects-normal/arm64/PersonalAssistant.swiftmodule (in target 'PersonalAssistant' from project 'PersonalAssistant')
    cd /Users/lyu/Documents/CODE/personal-assistant/apps/iOS
    builtin-copy -exclude .DS_Store -exclude CVS -exclude .svn -exclude .git -exclude .hg -resolve-src-symlinks -rename /tmp/task-module-after/release/Build/Intermediates.noindex/PersonalAssistant.build/Release-iphoneos/PersonalAssistant.build/Objects-normal/arm64/PersonalAssistant.swiftmodule /tmp/task-module-after/release/Build/Products/Release-iphoneos/PersonalAssistant.swiftmodule/arm64-apple-ios.swiftmodule

Copy /tmp/task-module-after/release/Build/Products/Release-iphoneos/PersonalAssistant.swiftmodule/Project/arm64-apple-ios.swiftsourceinfo /tmp/task-module-after/release/Build/Intermediates.noindex/PersonalAssistant.build/Release-iphoneos/PersonalAssistant.build/Objects-normal/arm64/PersonalAssistant.swiftsourceinfo (in target 'PersonalAssistant' from project 'PersonalAssistant')
    cd /Users/lyu/Documents/CODE/personal-assistant/apps/iOS
    builtin-copy -exclude .DS_Store -exclude CVS -exclude .svn -exclude .git -exclude .hg -resolve-src-symlinks -rename /tmp/task-module-after/release/Build/Intermediates.noindex/PersonalAssistant.build/Release-iphoneos/PersonalAssistant.build/Objects-normal/arm64/PersonalAssistant.swiftsourceinfo /tmp/task-module-after/release/Build/Products/Release-iphoneos/PersonalAssistant.swiftmodule/Project/arm64-apple-ios.swiftsourceinfo

Ld /tmp/task-module-after/release/Build/Products/Release-iphoneos/PersonalAssistant.app/PersonalAssistant normal (in target 'PersonalAssistant' from project 'PersonalAssistant')
    cd /Users/lyu/Documents/CODE/personal-assistant/apps/iOS
    /Applications/Xcode.app/Contents/Developer/Toolchains/XcodeDefault.xctoolchain/usr/bin/clang -Xlinker -reproducible -target arm64-apple-ios27.0 -isysroot /Applications/Xcode.app/Contents/Developer/Platforms/iPhoneOS.platform/Developer/SDKs/iPhoneOS27.0.sdk -Os -Xlinker -no_warn_duplicate_libraries -L/tmp/task-module-after/release/Build/Intermediates.noindex/EagerLinkingTBDs/Release-iphoneos -L/tmp/task-module-after/release/Build/Products/Release-iphoneos -F/tmp/task-module-after/release/Build/Intermediates.noindex/EagerLinkingTBDs/Release-iphoneos -F/tmp/task-module-after/release/Build/Products/Release-iphoneos -filelist /tmp/task-module-after/release/Build/Intermediates.noindex/PersonalAssistant.build/Release-iphoneos/PersonalAssistant.build/Objects-normal/arm64/PersonalAssistant.LinkFileList -Xlinker -rpath -Xlinker @executable_path/Frameworks -Xlinker -dead_strip -Xlinker -object_path_lto -Xlinker /tmp/task-module-after/release/Build/Intermediates.noindex/PersonalAssistant.build/Release-iphoneos/PersonalAssistant.build/Objects-normal/arm64/PersonalAssistant_lto.o -Xlinker -dependency_info -Xlinker /tmp/task-module-after/release/Build/Intermediates.noindex/PersonalAssistant.build/Release-iphoneos/PersonalAssistant.build/Objects-normal/arm64/PersonalAssistant_dependency_info.dat -fobjc-link-runtime -L/Applications/Xcode.app/Contents/Developer/Toolchains/XcodeDefault.xctoolchain/usr/lib/swift/iphoneos -L/usr/lib/swift -Xlinker -add_ast_path -Xlinker /tmp/task-module-after/release/Build/Intermediates.noindex/PersonalAssistant.build/Release-iphoneos/PersonalAssistant.build/Objects-normal/arm64/PersonalAssistant.swiftmodule -o /tmp/task-module-after/release/Build/Products/Release-iphoneos/PersonalAssistant.app/PersonalAssistant

LinkAssetCatalog /Users/lyu/Documents/CODE/personal-assistant/apps/iOS/PersonalAssistant/Assets.xcassets (in target 'PersonalAssistant' from project 'PersonalAssistant')
    cd /Users/lyu/Documents/CODE/personal-assistant/apps/iOS
    builtin-linkAssetCatalog --thinned /tmp/task-module-after/release/Build/Intermediates.noindex/PersonalAssistant.build/Release-iphoneos/PersonalAssistant.build/assetcatalog_output/thinned --thinned-dependencies /tmp/task-module-after/release/Build/Intermediates.noindex/PersonalAssistant.build/Release-iphoneos/PersonalAssistant.build/assetcatalog_dependencies_thinned --thinned-info-plist-content /tmp/task-module-after/release/Build/Intermediates.noindex/PersonalAssistant.build/Release-iphoneos/PersonalAssistant.build/assetcatalog_generated_info.plist_thinned --unthinned /tmp/task-module-after/release/Build/Intermediates.noindex/PersonalAssistant.build/Release-iphoneos/PersonalAssistant.build/assetcatalog_output/unthinned --unthinned-dependencies /tmp/task-module-after/release/Build/Intermediates.noindex/PersonalAssistant.build/Release-iphoneos/PersonalAssistant.build/assetcatalog_dependencies_unthinned --unthinned-info-plist-content /tmp/task-module-after/release/Build/Intermediates.noindex/PersonalAssistant.build/Release-iphoneos/PersonalAssistant.build/assetcatalog_generated_info.plist_unthinned --output /tmp/task-module-after/release/Build/Products/Release-iphoneos/PersonalAssistant.app --plist-output /tmp/task-module-after/release/Build/Intermediates.noindex/PersonalAssistant.build/Release-iphoneos/PersonalAssistant.build/assetcatalog_generated_info.plist
note: Emplaced /tmp/task-module-after/release/Build/Products/Release-iphoneos/PersonalAssistant.app/AppIcon60x60@2x.png (in target 'PersonalAssistant' from project 'PersonalAssistant')
note: Emplaced /tmp/task-module-after/release/Build/Products/Release-iphoneos/PersonalAssistant.app/AppIcon76x76@2x~ipad.png (in target 'PersonalAssistant' from project 'PersonalAssistant')
note: Emplaced /tmp/task-module-after/release/Build/Products/Release-iphoneos/PersonalAssistant.app/Assets.car (in target 'PersonalAssistant' from project 'PersonalAssistant')

Copy /tmp/task-module-after/release/Build/Products/Release-iphoneos/PersonalAssistant.app/PlugIns/ScreenshotActivityWidget.appex /tmp/task-module-after/release/Build/Products/Release-iphoneos/ScreenshotActivityWidget.appex (in target 'PersonalAssistant' from project 'PersonalAssistant')
    cd /Users/lyu/Documents/CODE/personal-assistant/apps/iOS
    builtin-copy -exclude .DS_Store -exclude CVS -exclude .svn -exclude .git -exclude .hg -exclude Headers -exclude PrivateHeaders -exclude Modules -exclude \*.tbd -resolve-src-symlinks -remove-static-executable /tmp/task-module-after/release/Build/Products/Release-iphoneos/ScreenshotActivityWidget.appex /tmp/task-module-after/release/Build/Products/Release-iphoneos/PersonalAssistant.app/PlugIns

ProcessInfoPlistFile /tmp/task-module-after/release/Build/Products/Release-iphoneos/PersonalAssistant.app/Info.plist /Users/lyu/Documents/CODE/personal-assistant/apps/iOS/Config/Info.plist (in target 'PersonalAssistant' from project 'PersonalAssistant')
    cd /Users/lyu/Documents/CODE/personal-assistant/apps/iOS
    builtin-infoPlistUtility /Users/lyu/Documents/CODE/personal-assistant/apps/iOS/Config/Info.plist -producttype com.apple.product-type.application -genpkginfo /tmp/task-module-after/release/Build/Products/Release-iphoneos/PersonalAssistant.app/PkgInfo -expandbuildsettings -format binary -platform iphoneos -additionalcontentfile /tmp/task-module-after/release/Build/Intermediates.noindex/PersonalAssistant.build/Release-iphoneos/PersonalAssistant.build/assetcatalog_generated_info.plist -scanforprivacyfile /tmp/task-module-after/release/Build/Products/Release-iphoneos/PersonalAssistant.app/PlugIns/ScreenshotActivityWidget.appex -requiredArchitecture arm64 -o /tmp/task-module-after/release/Build/Products/Release-iphoneos/PersonalAssistant.app/Info.plist

ExtractAppIntentsMetadata (in target 'PersonalAssistant' from project 'PersonalAssistant')
    cd /Users/lyu/Documents/CODE/personal-assistant/apps/iOS
    /Applications/Xcode.app/Contents/Developer/Toolchains/XcodeDefault.xctoolchain/usr/bin/appintentsmetadataprocessor --toolchain-dir /var/run/com.apple.security.cryptexd/mnt/com.apple.MobileAsset.MetalToolchain-v27.1.266.1.3tJoJ0/Metal.xctoolchain --module-name PersonalAssistant --sdk-root /Applications/Xcode.app/Contents/Developer/Platforms/iPhoneOS.platform/Developer/SDKs/iPhoneOS27.0.sdk --xcode-version 27A266a --platform-family iOS --deployment-target 27.0 --bundle-identifier personalassistant.lylab.vip.PersonalAssistant --output /tmp/task-module-after/release/Build/Products/Release-iphoneos/PersonalAssistant.app --target-triple arm64-apple-ios27.0 --binary-file /tmp/task-module-after/release/Build/Products/Release-iphoneos/PersonalAssistant.app/PersonalAssistant --dependency-file /tmp/task-module-after/release/Build/Intermediates.noindex/PersonalAssistant.build/Release-iphoneos/PersonalAssistant.build/Objects-normal/arm64/PersonalAssistant_dependency_info.dat --stringsdata-file /tmp/task-module-after/release/Build/Intermediates.noindex/PersonalAssistant.build/Release-iphoneos/PersonalAssistant.build/Objects-normal/arm64/ExtractedAppShortcutsMetadata.stringsdata --source-file-list /tmp/task-module-after/release/Build/Intermediates.noindex/PersonalAssistant.build/Release-iphoneos/PersonalAssistant.build/Objects-normal/arm64/PersonalAssistant.SwiftFileList --metadata-file-list /tmp/task-module-after/release/Build/Intermediates.noindex/PersonalAssistant.build/Release-iphoneos/PersonalAssistant.build/PersonalAssistant.DependencyMetadataFileList --static-metadata-file-list /tmp/task-module-after/release/Build/Intermediates.noindex/PersonalAssistant.build/Release-iphoneos/PersonalAssistant.build/PersonalAssistant.DependencyStaticMetadataFileList --swift-const-vals-list /tmp/task-module-after/release/Build/Intermediates.noindex/PersonalAssistant.build/Release-iphoneos/PersonalAssistant.build/Objects-normal/arm64/PersonalAssistant.SwiftConstValuesFileList --compile-time-extraction --deployment-aware-processing --no-app-shortcuts-localization
2026-10-04 22:17:48.414 appintentsmetadataprocessor[18789:332512] Starting appintentsmetadataprocessor export
2026-10-04 22:17:48.461 appintentsmetadataprocessor[18789:332512] Writing Metadata.appintents
2026-10-04 22:17:48.461 appintentsmetadataprocessor[18789:332512] Metadata root: /tmp/task-module-after/release/Build/Products/Release-iphoneos/PersonalAssistant.app/Metadata.appintents

CopySwiftLibs /tmp/task-module-after/release/Build/Products/Release-iphoneos/PersonalAssistant.app (in target 'PersonalAssistant' from project 'PersonalAssistant')
    cd /Users/lyu/Documents/CODE/personal-assistant/apps/iOS
    builtin-swiftStdLibTool --copy --verbose --scan-executable /tmp/task-module-after/release/Build/Products/Release-iphoneos/PersonalAssistant.app/PersonalAssistant --scan-folder /tmp/task-module-after/release/Build/Products/Release-iphoneos/PersonalAssistant.app/Frameworks --scan-folder /tmp/task-module-after/release/Build/Products/Release-iphoneos/PersonalAssistant.app/PlugIns --scan-folder /tmp/task-module-after/release/Build/Products/Release-iphoneos/PersonalAssistant.app/SystemExtensions --scan-folder /tmp/task-module-after/release/Build/Products/Release-iphoneos/PersonalAssistant.app/Extensions --platform iphoneos --toolchain /var/run/com.apple.security.cryptexd/mnt/com.apple.MobileAsset.MetalToolchain-v27.1.266.1.3tJoJ0/Metal.xctoolchain --toolchain /Applications/Xcode.app/Contents/Developer/Toolchains/XcodeDefault.xctoolchain --destination /tmp/task-module-after/release/Build/Products/Release-iphoneos/PersonalAssistant.app/Frameworks --strip-bitcode --strip-bitcode-tool /Applications/Xcode.app/Contents/Developer/Toolchains/XcodeDefault.xctoolchain/usr/bin/bitcode_strip --emit-dependency-info /tmp/task-module-after/release/Build/Intermediates.noindex/PersonalAssistant.build/Release-iphoneos/PersonalAssistant.build/SwiftStdLibToolInputDependencies.dep --filter-for-swift-os
Ignoring --strip-bitcode because --sign was not passed

ValidateEmbeddedBinary /tmp/task-module-after/release/Build/Products/Release-iphoneos/PersonalAssistant.app/PlugIns/ScreenshotActivityWidget.appex (in target 'PersonalAssistant' from project 'PersonalAssistant')
    cd /Users/lyu/Documents/CODE/personal-assistant/apps/iOS
    /Applications/Xcode.app/Contents/Developer/usr/bin/embeddedBinaryValidationUtility /tmp/task-module-after/release/Build/Products/Release-iphoneos/PersonalAssistant.app/PlugIns/ScreenshotActivityWidget.appex -info-plist-path /tmp/task-module-after/release/Build/Products/Release-iphoneos/PersonalAssistant.app/Info.plist

GenerateDSYMFile /tmp/task-module-after/release/Build/Products/Release-iphoneos/PersonalAssistant.app.dSYM /tmp/task-module-after/release/Build/Products/Release-iphoneos/PersonalAssistant.app/PersonalAssistant (in target 'PersonalAssistant' from project 'PersonalAssistant')
    cd /Users/lyu/Documents/CODE/personal-assistant/apps/iOS
    export PATH\=/Applications/Xcode.app/Contents/SharedFrameworks/SwiftBuild.framework/Versions/A/PlugIns/SWBBuildService.bundle/Contents/PlugIns/SWBUniversalPlatformPlugin.bundle/Contents/Frameworks/SWBUniversalPlatform.framework/Resources:/var/run/com.apple.security.cryptexd/mnt/com.apple.MobileAsset.MetalToolchain-v27.1.266.1.3tJoJ0/Metal.xctoolchain/usr/bin:/var/run/com.apple.security.cryptexd/mnt/com.apple.MobileAsset.MetalToolchain-v27.1.266.1.3tJoJ0/Metal.xctoolchain/usr/local/bin:/var/run/com.apple.security.cryptexd/mnt/com.apple.MobileAsset.MetalToolchain-v27.1.266.1.3tJoJ0/Metal.xctoolchain/usr/libexec:/Applications/Xcode.app/Contents/Developer/Toolchains/XcodeDefault.xctoolchain/usr/bin:/Applications/Xcode.app/Contents/Developer/Toolchains/XcodeDefault.xctoolchain/usr/local/bin:/Applications/Xcode.app/Contents/Developer/Toolchains/XcodeDefault.xctoolchain/usr/libexec:/Applications/Xcode.app/Contents/Developer/Platforms/iPhoneOS.platform/usr/bin:/Applications/Xcode.app/Contents/Developer/Platforms/iPhoneOS.platform/usr/local/bin:/Applications/Xcode.app/Contents/Developer/Platforms/iPhoneOS.platform/Developer/usr/bin:/Applications/Xcode.app/Contents/Developer/Platforms/iPhoneOS.platform/Developer/usr/local/bin:/Applications/Xcode.app/Contents/Developer/usr/bin:/Applications/Xcode.app/Contents/Developer/usr/local/bin:/Applications/ChatGPT.app/Contents/Resources/codex-cli/codex-path:/Users/lyu/.local/share/mise/installs/go/1.27.1/bin:/Users/lyu/.local/share/mise/shims:/opt/homebrew/bin:/opt/homebrew/sbin:/usr/local/bin:/System/Cryptexes/App/usr/bin:/usr/bin:/bin:/usr/sbin:/sbin:/var/run/com.apple.security.cryptexd/codex.system/bootstrap/usr/local/bin:/var/run/com.apple.security.cryptexd/codex.system/bootstrap/usr/bin:/var/run/com.apple.security.cryptexd/codex.system/bootstrap/usr/appleinternal/bin:/pkg/env/global/bin:/Library/Apple/usr/bin:/Users/lyu/.docker/bin:/Users/lyu/.codex/tmp/arg0/codex-arg0GSP25s:/Users/lyu/.cache/codex-runtimes/codex-primary-runtime/dependencies/bin/override:/Users/lyu/.cache/codex-runtimes/codex-primary-runtime/dependencies/bin/fallback:/Applications/ChatGPT.app/Contents/Resources:/Applications/ChatGPT.app/Contents/Resources/codex-cli/CodexCLI.app/Contents/MacOS
    /Applications/Xcode.app/Contents/Developer/Toolchains/XcodeDefault.xctoolchain/usr/bin/dsymutil /tmp/task-module-after/release/Build/Products/Release-iphoneos/PersonalAssistant.app/PersonalAssistant -o /tmp/task-module-after/release/Build/Products/Release-iphoneos/PersonalAssistant.app.dSYM

AppIntentsSSUTraining (in target 'PersonalAssistant' from project 'PersonalAssistant')
    cd /Users/lyu/Documents/CODE/personal-assistant/apps/iOS
    /Applications/Xcode.app/Contents/Developer/Toolchains/XcodeDefault.xctoolchain/usr/bin/appintentsnltrainingprocessor --infoplist-path /tmp/task-module-after/release/Build/Products/Release-iphoneos/PersonalAssistant.app/Info.plist --temp-dir-path /tmp/task-module-after/release/Build/Intermediates.noindex/PersonalAssistant.build/Release-iphoneos/PersonalAssistant.build/ssu --bundle-id personalassistant.lylab.vip.PersonalAssistant --product-path /tmp/task-module-after/release/Build/Products/Release-iphoneos/PersonalAssistant.app --extracted-metadata-path /tmp/task-module-after/release/Build/Products/Release-iphoneos/PersonalAssistant.app/Metadata.appintents --metadata-file-list /tmp/task-module-after/release/Build/Intermediates.noindex/PersonalAssistant.build/Release-iphoneos/PersonalAssistant.build/PersonalAssistant.DependencyMetadataFileList --source-file /tmp/task-module-after/release/Build/Products/Release-iphoneos/PersonalAssistant.app/Info.plist --archive-ssu-assets
2026-10-04 22:17:48.487 appintentsnltrainingprocessor[18792:332521] Parsing options for appintentsnltrainingprocessor
2026-10-04 22:17:48.487 appintentsnltrainingprocessor[18792:332521] Starting AppIntents SSU YAML Generation
2026-10-04 22:17:48.494 appintentsnltrainingprocessor[18792:332521] No AppShortcuts found - Skipping.

RegisterExecutionPolicyException /tmp/task-module-after/release/Build/Products/Release-iphoneos/PersonalAssistant.app (in target 'PersonalAssistant' from project 'PersonalAssistant')
    cd /Users/lyu/Documents/CODE/personal-assistant/apps/iOS
    builtin-RegisterExecutionPolicyException /tmp/task-module-after/release/Build/Products/Release-iphoneos/PersonalAssistant.app

Validate /tmp/task-module-after/release/Build/Products/Release-iphoneos/PersonalAssistant.app (in target 'PersonalAssistant' from project 'PersonalAssistant')
    cd /Users/lyu/Documents/CODE/personal-assistant/apps/iOS
    builtin-validationUtility /tmp/task-module-after/release/Build/Products/Release-iphoneos/PersonalAssistant.app -validate-for-store -shallow-bundle -infoplist-subpath Info.plist

Touch /tmp/task-module-after/release/Build/Products/Release-iphoneos/PersonalAssistant.app (in target 'PersonalAssistant' from project 'PersonalAssistant')
    cd /Users/lyu/Documents/CODE/personal-assistant/apps/iOS
    /usr/bin/touch -c /tmp/task-module-after/release/Build/Products/Release-iphoneos/PersonalAssistant.app

PruneExplicitPrecompiledModules /tmp/task-module-after/release/SDKExplicitPrecompiledModules

PruneExplicitPrecompiledModules /tmp/task-module-after/release/Build/Intermediates.noindex/SwiftExplicitPrecompiledModules

PruneExplicitPrecompiledModules /tmp/task-module-after/release/Build/Intermediates.noindex/ExplicitPrecompiledModules

** BUILD SUCCEEDED **

